,prev_day_Daily PnL,prev_day_Win Rate,prev_day_Average Trade Size USD,prev_day_Number of Trades,prev_day_Long/Short Ratio,prev_day_value,prev_day_classification,Actual,Predicted
1756,-40.712217,0.0,114.82,4.0,0.0,20.0,0,Neutral,Profit
1295,941.32505,0.9333333333333332,2071.034666666667,15.0,0.0714285714285714,30.0,2,Profit,Profit
687,0.0,0.0,857.2571428571428,7.0,7.0,81.0,1,Profit,Neutral
1582,201.672306,0.1699029126213592,288.69718446601945,206.0,0.2189349112426035,76.0,1,Profit,Profit
156,589.467131,0.4553571428571428,120.82616071428572,112.0,1.0363636363636364,84.0,1,Profit,Profit
1780,2806.434723,1.0,597.6225000000001,8.0,0.0,76.0,1,Profit,Profit
151,168.92152,0.5,118.53914285714283,70.0,1.121212121212121,75.0,1,Profit,Profit
992,21114.136772,0.8571428571428571,38252.94535714285,28.0,0.1666666666666666,24.0,0,Profit,Profit
381,0.0,0.0,800.29,3.0,0.0,63.0,3,Loss,Neutral
1353,343.092145,1.0,4999.89,1.0,0.0,72.0,3,Profit,Profit
1836,-245.081348,0.0,19982.836666666662,3.0,2.0,73.0,3,Loss,Profit
1545,1441.27965,0.2417582417582417,1631.5342857142855,91.0,0.4918032786885246,80.0,1,Profit,Profit
763,1202.488212,0.6923076923076923,7476.965384615385,13.0,0.1818181818181818,53.0,4,Profit,Profit
1335,0.0,0.0,9563.74,1.0,1.0,69.0,3,Profit,Neutral
313,1.103158,0.3333333333333333,395.24,6.0,1.0,44.0,2,Profit,Profit
1498,5.2257,0.2857142857142857,459.0314285714285,7.0,0.4,75.0,1,Profit,Profit
1881,0.0,0.0,8396.053333333333,12.0,5.0,72.0,3,Profit,Neutral
524,279.587921,0.1894736842105263,498.5522105263158,95.0,0.9,69.0,3,Loss,Profit
862,3158.176614,0.4285714285714285,26917.316857142858,35.0,1.1875,83.0,1,Profit,Profit
2109,6800.812401,0.509009009009009,27989.12873873874,222.0,0.9646017699115044,18.0,0,Loss,Profit
2017,7393.785411,0.3861386138613861,1905.1814851485144,101.0,0.6290322580645161,77.0,1,Profit,Profit
1933,0.0,0.0,358.424,5.0,0.0,55.0,3,Neutral,Profit
1574,2060.162946,0.4482758620689655,827.8527586206897,58.0,2.411764705882353,61.0,3,Profit,Profit
1806,15.24474,1.0,771.87,1.0,0.0,83.0,1,Neutral,Profit
1210,73.61088,0.8571428571428571,705.8557142857143,7.0,6.0,79.0,1,Profit,Profit
1034,43400.145539,0.762532981530343,58751.562744063325,379.0,0.3114186851211072,33.0,2,Profit,Profit
2060,0.0,0.0,1190.9719047619049,42.0,42.0,45.0,4,Profit,Profit
390,17926.355742,0.5219512195121951,1908.064097560976,205.0,1.0918367346938775,32.0,2,Profit,Profit
2274,-10373.274402,0.1478494623655914,1398.9927284946236,744.0,0.837037037037037,49.0,4,Loss,Profit
758,0.0,0.0,12000.350952380952,21.0,21.0,51.0,4,Profit,Neutral
1586,1125.196124,0.2252252252252252,498.1863963963964,111.0,0.2906976744186046,75.0,1,Profit,Profit
553,126.112976,0.8235294117647058,288.2288235294118,17.0,1.125,44.0,2,Profit,Profit
20,115287.0,0.0181818181818181,24958.908545454546,55.0,0.0185185185185185,16.0,0,Profit,Profit
1120,8692.0,1.0,4659.2,5.0,5.0,72.0,3,Profit,Profit
507,4704.442079,0.397119341563786,478.6647325102881,486.0,0.944,70.0,3,Profit,Profit
1000,0.0,0.0,12499.515,4.0,4.0,33.0,2,Profit,Neutral
2293,1764.258791,0.6133333333333333,1705.1933333333334,75.0,2.125,46.0,4,Profit,Profit
2204,18951.678454,1.0,23060.654814814818,27.0,0.0,38.0,2,Profit,Profit
547,526.448209,0.696969696969697,490.5812121212121,33.0,2.3,68.0,3,Loss,Profit
1153,0.0,0.0,1628.571428571429,7.0,7.0,50.0,4,Neutral,Neutral
1909,0.0,0.0,1658.513333333333,3.0,0.0,55.0,3,Neutral,Neutral
379,-9655.676981,0.4166666666666667,15270.597499999998,12.0,1.0,66.0,3,Neutral,Profit
1919,0.0,0.0,77.5807142857143,14.0,14.0,77.0,1,Neutral,Neutral
257,2137.203852,0.6666666666666666,1024.2048484848483,33.0,0.5,80.0,1,Profit,Profit
142,651.469355,0.5704697986577181,489.9930201342282,149.0,2.921052631578948,70.0,3,Profit,Profit
854,548.36595,0.75,22568.36875,8.0,0.3333333333333333,78.0,1,Profit,Profit
198,437.354452,0.7692307692307693,1109.076923076923,26.0,0.5294117647058824,20.0,0,Profit,Profit
1562,-158.695661,0.0,2708.735,6.0,2.0,76.0,1,Profit,Profit
2092,1188.74187,0.5609756097560976,40522.28146341464,82.0,1.2777777777777777,27.0,2,Profit,Profit
1200,26773.771643,0.8815331010452961,5485.087665505226,287.0,1.2777777777777777,82.0,1,Profit,Profit
1024,3131.840108,0.1081081081081081,9667.030743243244,148.0,8.25,24.0,0,Loss,Profit
1708,923.487443,1.0,1390.1038888888888,18.0,0.0,68.0,3,Neutral,Profit
982,4329.319769,0.4,19609.212,40.0,1.5,40.0,2,Neutral,Profit
1042,0.0,0.0,35046.08286624204,314.0,314.0,65.0,3,Profit,Profit
2324,920.056063,0.625,2489.536,40.0,0.6,38.0,2,Profit,Profit
1107,0.0,0.0,1287.706923076923,39.0,0.0,32.0,2,Loss,Neutral
83,8277.307357,0.4913093858632676,3079.847334878332,863.0,0.9393258426966292,37.0,2,Profit,Profit
1067,0.0,0.0,227.225,12.0,12.0,44.0,2,Neutral,Profit
2052,4647.056049,0.6404494382022472,2021.519213483146,89.0,0.5614035087719298,20.0,0,Profit,Profit
1673,0.0,0.0,0.0,1.0,0.0,87.0,1,Neutral,Profit
2117,35262.804627,1.0,3421.6945405405404,185.0,0.0,49.0,4,Profit,Profit
18,10152.12224,0.5254237288135594,27178.041694915253,59.0,1.1071428571428572,49.0,4,Profit,Profit
2116,31.42038,0.0165289256198347,4940.588512396694,121.0,59.5,44.0,2,Profit,Profit
1819,2020.0,0.125,42527.5,8.0,7.0,25.0,2,Profit,Neutral
327,0.0,0.0,0.4266666666666667,3.0,0.0,69.0,3,Neutral,Neutral
1053,27649.187167,1.0,372.85966292134833,89.0,0.0,73.0,3,Neutral,Profit
149,55.137803,0.4210526315789473,240.01052631578943,19.0,1.1111111111111112,70.0,3,Profit,Profit
1742,18.57004,0.4615384615384615,303.8438461538462,13.0,0.8571428571428571,30.0,2,Profit,Profit
197,163.73415,0.3023255813953488,1091.9493023255814,43.0,42.0,15.0,0,Profit,Profit
499,10303.889423,0.4033149171270718,622.4760773480663,181.0,1.0804597701149423,80.0,1,Profit,Profit
1235,0.0,0.0,10.56,1.0,0.0,76.0,1,Loss,Profit
1590,0.0,0.0,307.96333333333337,9.0,0.0,70.0,3,Profit,Profit
410,0.0,0.0,9530.66,2.0,2.0,74.0,3,Profit,Neutral
2178,-48309.11776,0.0111111111111111,8859.279777777778,90.0,0.0588235294117647,10.0,0,Profit,Profit
278,0.19908,0.5,34.21,2.0,1.0,65.0,3,Profit,Neutral
737,1150.5233050000002,0.1739130434782608,6341.452173913043,23.0,23.0,66.0,3,Profit,Profit
2236,77.26888,0.4285714285714285,1463.16,7.0,1.3333333333333333,75.0,1,Neutral,Profit
1196,8493.192736,0.8899082568807339,3402.198532110092,109.0,1.2244897959183674,80.0,1,Profit,Profit
1723,819.9958,0.4285714285714285,501.30874725274725,455.0,0.9868995633187772,54.0,4,Profit,Profit
2173,15074.26913,0.2608695652173913,7487.178405797102,138.0,1.6538461538461535,49.0,4,Neutral,Profit
2050,0.0,0.0,1508.357,10.0,10.0,10.0,0,Neutral,Profit
564,336.64107,0.3703703703703703,415.7527777777778,54.0,2.375,47.0,4,Profit,Profit
1392,0.0,0.0,624.99375,8.0,0.0,33.0,2,Profit,Profit
29,0.0,0.0,1131.888695652174,46.0,46.0,78.0,1,Profit,Neutral
1022,0.0,0.0,2537.0485294117643,34.0,34.0,30.0,2,Loss,Profit
1872,-33.45419400000003,0.1944444444444444,10697.198055555556,72.0,0.8461538461538461,60.0,3,Loss,Loss
848,2259.351364,0.5,16623.486153846156,26.0,1.0,70.0,3,Profit,Profit
685,47.876234,1.0,6897.073170731707,41.0,41.0,65.0,3,Profit,Profit
1645,67.080809,0.1428571428571428,443.69,28.0,28.0,34.0,2,Profit,Profit
10,40218.599998,0.5490196078431373,9400.588039215689,51.0,1.2173913043478262,76.0,1,Profit,Profit
1136,0.0,0.0,2392.239333333333,15.0,0.0,65.0,3,Neutral,Neutral
1453,0.0,0.0,739.626,5.0,5.0,80.0,1,Neutral,Neutral
387,8187.59426,0.5581395348837209,3514.7537209302327,43.0,0.7916666666666666,20.0,0,Loss,Profit
2002,2222.47801,1.0,2654.303888888889,18.0,18.0,81.0,1,Neutral,Profit
1285,3622.625641,0.9620253164556962,2395.0187341772157,79.0,0.2741935483870967,25.0,2,Profit,Profit
1188,3053.31353,0.7714285714285715,3363.1262857142856,35.0,0.5909090909090909,72.0,3,Profit,Profit
1287,948.60169,0.9166666666666666,3923.564166666667,12.0,11.0,26.0,2,Loss,Profit
491,1040.616939,0.35,580.1653888888889,180.0,0.8556701030927835,75.0,1,Profit,Profit
1108,-458.08035,0.0,1333.6473684210523,38.0,38.0,37.0,2,Neutral,Profit
155,428.3738,0.4893617021276595,262.3486170212766,94.0,1.0434782608695652,76.0,1,Profit,Profit
1869,456.423473,0.3095238095238095,11292.343571428572,42.0,0.8260869565217391,63.0,3,Profit,Profit
43,7372.485101,1.0,1474.6896363636365,55.0,0.0,70.0,3,Profit,Neutral
1167,0.0,0.0,480.2857142857143,7.0,7.0,28.0,2,Neutral,Profit
208,106.912886,0.6666666666666666,618.9422222222222,27.0,0.5,30.0,2,Neutral,Profit
351,-350.632694,0.0,184.87857142857143,7.0,0.4,55.0,3,Profit,Profit
1615,0.0,0.0,2499.69,1.0,1.0,10.0,0,Profit,Profit
147,53.846609,0.3114754098360656,561.3780327868852,61.0,4.083333333333333,61.0,3,Profit,Profit
896,0.0,0.0,43336.74,3.0,3.0,73.0,3,Neutral,Profit
1459,0.0,0.0,710.865,2.0,2.0,73.0,3,Neutral,Neutral
127,1555.956456,0.3125,282.42354166666667,48.0,0.2307692307692307,73.0,3,Profit,Profit
2077,0.0,0.0,1461.1758904109588,73.0,0.0,47.0,4,Neutral,Profit
1432,0.0,0.0,1979.1661458333333,96.0,0.0,30.0,2,Neutral,Neutral
459,0.0,0.0,7722.796666666666,3.0,3.0,64.0,3,Profit,Neutral
181,59.664989,0.3636363636363636,503.33272727272725,11.0,1.2,54.0,4,Profit,Profit
1329,1008.518954,0.5555555555555556,6758.5633333333335,9.0,0.8,70.0,3,Profit,Profit
1523,0.0,0.0,888.552,5.0,0.0,72.0,3,Profit,Neutral
1430,3204.26268,1.0,2727.2429870129868,77.0,77.0,38.0,2,Profit,Profit
312,1334.414834,0.4444444444444444,1193.0444444444445,9.0,1.25,34.0,2,Profit,Profit
434,0.0,0.0,10728.526666666668,6.0,5.0,39.0,2,Profit,Neutral
1478,64.346683,0.1619047619047619,1112.2542857142855,105.0,5.176470588235294,51.0,4,Profit,Profit
22,533974.662903,0.8424336973478939,8371.136099843994,641.0,5.346534653465347,33.0,2,Profit,Profit
1740,73.34455,0.4285714285714285,917.6357142857142,21.0,0.75,38.0,2,Profit,Profit
2004,0.0,0.0,1608.8398387096772,62.0,0.0,73.0,3,Profit,Profit
1540,9.150023,0.28,473.234,25.0,0.4705882352941176,77.0,1,Profit,Profit
1260,2582.715893,0.953125,1981.91671875,128.0,3.413793103448276,71.0,3,Profit,Profit
2311,1842.839943,0.6440677966101694,991.0424576271186,118.0,0.8153846153846154,44.0,2,Loss,Profit
1116,0.0,0.0,6654.302000000001,5.0,0.0,50.0,4,Neutral,Neutral
710,389.743164,0.125,4775.06,16.0,7.0,76.0,1,Neutral,Profit
570,437.185458,0.3793103448275862,543.7444827586207,29.0,6.25,49.0,4,Profit,Profit
357,0.0,0.0,1333.3193333333334,30.0,0.0,18.0,0,Profit,Neutral
1247,13027.2866,0.8723404255319149,2927.3372765957447,235.0,0.2176165803108808,75.0,1,Profit,Profit
1426,4596.960442,0.4943820224719101,3151.4488764044945,89.0,0.0,39.0,2,Loss,Profit
188,39.91436,0.375,550.5720833333334,24.0,0.7142857142857143,50.0,4,Profit,Profit
1851,-164.08950099999998,0.2631578947368421,13641.064736842103,19.0,1.375,76.0,1,Loss,Profit
171,358.877096,0.3777777777777777,1453.7044444444446,45.0,1.6470588235294117,49.0,4,Profit,Profit
1632,-41.40918,0.0,287.38,4.0,1.0,32.0,2,Profit,Profit
2261,1901.631819,0.3461538461538461,1947.8190384615384,52.0,1.8888888888888888,47.0,4,Profit,Profit
2071,0.0,0.0,1111.095,30.0,0.0,45.0,4,Neutral,Profit
955,1925.839355,0.2941176470588235,27169.443529411765,17.0,2.4,49.0,4,Neutral,Profit
2319,35.58096,0.5384615384615384,962.6380769230768,52.0,1.3636363636363635,39.0,2,Profit,Profit
515,97.688169,0.0707070707070707,541.9542424242425,99.0,0.5230769230769231,64.0,3,Profit,Profit
2015,5383.278555,1.0,491.1363636363636,11.0,0.0,70.0,3,Profit,Profit
759,4197.732182,0.6774193548387096,11748.220645161293,31.0,0.0,46.0,4,Neutral,Profit
421,0.0,0.0,1012.4008333333334,36.0,36.0,79.0,1,Profit,Profit
4,-21227.0,0.0,28186.666666666668,12.0,12.0,94.0,1,Profit,Neutral
1079,1395.820542,0.4166666666666667,902.617,60.0,0.2765957446808511,18.0,0,Profit,Profit
1138,0.0,0.0,6065.75,6.0,0.0,74.0,3,Neutral,Neutral
2091,3896.949398,0.5609756097560976,27309.88780487805,41.0,1.2777777777777777,45.0,4,Profit,Profit
1141,0.0,0.0,2910.8484000000003,25.0,0.0,76.0,1,Profit,Neutral
773,0.0,0.0,6545.480454545454,22.0,0.0,65.0,3,Neutral,Neutral
942,1353.604398,0.3928571428571428,12581.13017857143,56.0,1.0,47.0,4,Profit,Profit
691,429.683075,0.2857142857142857,6218.810714285714,14.0,2.5,79.0,1,Neutral,Profit
673,84856.33534,0.3603603603603603,26118.342432432437,222.0,1.775,39.0,2,Profit,Profit
1420,0.0,0.0,5629.091294117648,85.0,2.1481481481481484,25.0,2,Profit,Neutral
764,1118.387284,0.4,10388.008,10.0,10.0,50.0,4,Neutral,Profit
1532,151.092375,0.2463768115942029,635.3107246376812,69.0,0.3529411764705882,48.0,4,Neutral,Profit
987,0.0,0.0,19999.7,1.0,1.0,44.0,2,Neutral,Neutral
485,8.570313,0.125,249.58375,8.0,7.0,84.0,1,Profit,Profit
2326,3359.966896,0.4200680272108844,1417.4413265306123,588.0,0.6563380281690141,30.0,2,Profit,Profit
1344,-372.76464,0.2666666666666666,6134.571428571428,105.0,0.5671641791044776,39.0,2,Profit,Profit
1458,0.0,0.0,200.802,5.0,5.0,66.0,3,Neutral,Profit
2286,2219.262399,0.3880597014925373,1190.7070895522388,134.0,1.5769230769230769,28.0,2,Profit,Profit
133,255.808312,0.336,455.63544,125.0,6.8125,65.0,3,Profit,Profit
219,-133.035992,0.1578947368421052,1857.973421052632,38.0,3.2222222222222223,40.0,2,Loss,Profit
1253,3710.36178,0.9183673469387756,4625.799183673469,49.0,1.2272727272727273,70.0,3,Profit,Profit
2167,0.0,0.0,3777.777777777778,18.0,0.0,72.0,3,Loss,Neutral
1659,596.556385,0.2962962962962963,498.3961111111111,108.0,0.4210526315789473,39.0,2,Loss,Profit
1317,2933.203058,0.9938837920489296,358.02122324159023,327.0,162.5,47.0,4,Profit,Profit
1612,1282.097568,0.6363636363636364,874.9930909090909,55.0,10.0,49.0,4,Neutral,Profit
1563,45.086985,0.1298701298701298,332.6585714285714,77.0,0.1666666666666666,70.0,3,Profit,Profit
1502,25.35812,0.3076923076923077,279.70307692307694,13.0,0.4444444444444444,73.0,3,Profit,Profit
255,-17.60528,0.2,582.841,10.0,0.4285714285714285,84.0,1,Profit,Profit
1952,0.0,0.0,1427.2385714285715,7.0,0.0,69.0,3,Neutral,Neutral
297,17378.569333,0.6417445482866043,3578.9056074766354,321.0,0.558252427184466,50.0,4,Profit,Profit
1043,37973.605394,0.5336391437308868,38360.42061162079,654.0,0.6473551637279596,54.0,4,Profit,Profit
700,912.786145,0.7692307692307693,3070.2276923076925,13.0,0.0,75.0,1,Profit,Profit
1389,2225.835732,1.0,4999.92,1.0,1.0,21.0,0,Profit,Profit
558,117.099235,0.8,661.658,5.0,1.5,46.0,4,Profit,Profit
2184,0.0,0.0,2433.409375,16.0,0.2307692307692307,25.0,2,Profit,Neutral
128,1530.919365,0.4545454545454545,284.1157575757576,66.0,0.2222222222222222,73.0,3,Profit,Profit
1981,0.0,0.0,11111.126666666669,9.0,0.8,29.0,2,Profit,Neutral
1269,2055.538866,0.273972602739726,4675.59698630137,73.0,1.2121212121212122,49.0,4,Profit,Profit
1913,-74.818442,0.0,1707.1166666666668,3.0,0.0,70.0,3,Profit,Profit
124,7465.899936,0.5046728971962616,215.3378504672897,107.0,0.3209876543209876,73.0,3,Profit,Profit
1648,500.847132,0.1911764705882352,925.8802205882351,136.0,0.2830188679245283,18.0,0,Loss,Profit
1920,0.0,0.0,117.52166666666666,12.0,12.0,75.0,1,Profit,Neutral
403,25941.716413,0.3164693218514531,3895.6048546824554,929.0,1.0598669623059866,23.0,0,Profit,Profit
1977,0.0,0.0,121.97604651162791,43.0,42.0,48.0,4,Profit,Neutral
11,76710.0,0.9,185847.0,10.0,9.0,60.0,3,Profit,Profit
668,31134.240602,1.0,5175.765784313725,102.0,0.0,30.0,2,Neutral,Profit
756,773.5582039999999,0.2727272727272727,6746.9345454545455,11.0,11.0,63.0,3,Neutral,Profit
1852,-1925.519024,0.0,28583.181428571428,7.0,2.5,71.0,3,Neutral,Profit
1505,562.808208,0.6285714285714286,306.66942857142857,70.0,1.6923076923076923,73.0,3,Profit,Profit
1054,0.0,0.0,227.2675757575757,33.0,33.0,69.0,3,Neutral,Profit
1815,0.0,0.0,87100.0,1.0,1.0,46.0,4,Profit,Profit
2190,0.0,0.0,4414.302692307692,26.0,2.25,32.0,2,Neutral,Neutral
2090,4544.583988,0.5816733067729084,28258.839880478085,251.0,1.3904761904761904,34.0,2,Profit,Profit
2113,1097.533742,0.15,10551.1865,20.0,0.1764705882352941,45.0,4,Profit,Profit
869,5059.459732,0.3333333333333333,28814.274,30.0,2.0,82.0,1,Neutral,Profit
353,-8224.491085,0.0,1653.866153846154,26.0,0.0,20.0,0,Loss,Neutral
1241,8276.625256,0.9615384615384616,4533.178461538461,26.0,0.4444444444444444,76.0,1,Loss,Profit
107,9066.169646,0.5357142857142857,165.78285714285715,112.0,0.3658536585365853,78.0,1,Profit,Profit
1373,0.0,0.0,999.984,5.0,0.0,44.0,2,Neutral,Neutral
1245,3146.294798,0.9552238805970148,1978.626417910448,67.0,1.3103448275862069,87.0,1,Profit,Profit
1102,33980.0,0.8788732394366198,8095.553154929577,355.0,0.1378205128205128,18.0,0,Neutral,Profit
1302,520.971268,0.896551724137931,2614.2506896551727,29.0,1.0714285714285714,46.0,4,Profit,Profit
2171,0.0,0.0,805.4399999999999,4.0,0.0,50.0,4,Neutral,Profit
2317,11735.32104,0.7485029940119761,1521.912754491018,167.0,0.336,24.0,0,Profit,Profit
1219,1100.57514,0.9777777777777776,2246.753777777778,45.0,0.0227272727272727,75.0,1,Profit,Profit
1477,559.647247,0.425,1368.858375,80.0,1.3529411764705883,54.0,4,Profit,Profit
2154,0.0,0.0,2453.2941025641026,39.0,0.0,73.0,3,Neutral,Neutral
2115,-0.06076,0.0,86.5075,4.0,1.0,72.0,3,Profit,Profit
930,0.0,0.0,33170.452666666664,15.0,15.0,71.0,3,Profit,Profit
608,-6745.027414,0.2619047619047619,700.9559523809525,42.0,0.5555555555555556,24.0,0,Loss,Profit
521,559.643925,0.2023809523809523,414.9460714285714,84.0,0.4736842105263157,76.0,1,Profit,Profit
1877,913.8817869999998,0.375,14202.98125,16.0,2.2,70.0,3,Profit,Profit
968,5770.595066,0.3636363636363636,28439.44318181818,22.0,1.75,45.0,4,Profit,Profit
296,-1145.924392,0.0402684563758389,2135.150268456376,149.0,0.4607843137254901,44.0,2,Profit,Profit
2104,0.0,0.0,16948.606666666667,6.0,6.0,28.0,2,Profit,Profit
1300,4462.921835,0.9682539682539684,968.4492063492064,63.0,9.5,32.0,2,Profit,Profit
770,2678.839374,1.0,10668.462307692307,13.0,0.0,25.0,2,Neutral,Neutral
344,346.827642,0.8333333333333334,117.02833333333336,6.0,0.2,80.0,1,Neutral,Profit
803,0.0,0.0,3749.0825,4.0,0.0,54.0,4,Profit,Neutral
203,-4026.754395,0.0967741935483871,838.0596774193548,31.0,0.9375,20.0,0,Neutral,Profit
1411,2164.09548,1.0,6666.248333333334,6.0,0.0,46.0,4,Profit,Profit
723,526.9338359999999,0.5483870967741935,3370.167419354839,31.0,3.4285714285714284,67.0,3,Neutral,Profit
1466,0.0,0.0,1943.7873684210529,19.0,19.0,60.0,3,Neutral,Profit
2127,1058.58,0.0466384009691096,2186.856129618413,1651.0,20.44155844155844,24.0,0,Profit,Profit
1370,0.0,0.0,599.9928,25.0,0.0,54.0,4,Neutral,Neutral
342,0.0,0.0,0.0,1.0,0.0,80.0,1,Neutral,Neutral
979,0.0,0.0,4285.633571428572,14.0,0.0,45.0,4,Profit,Profit
818,0.0,0.0,34988.58,4.0,4.0,50.0,4,Neutral,Profit
1191,1418.55293,0.958041958041958,776.966013986014,143.0,10.916666666666666,76.0,1,Loss,Profit
101,165.532644,0.3768115942028985,946.0768115942028,207.0,1.2747252747252746,77.0,1,Profit,Profit
2057,0.0,0.0,2392.7903278688523,61.0,61.0,20.0,0,Profit,Profit
2253,5803.573999,0.4246153846153846,1758.0771384615382,325.0,0.6331658291457286,44.0,2,Profit,Profit
1020,0.0,0.0,13807.81,13.0,13.0,34.0,2,Neutral,Neutral
748,0.0,0.0,6000.075,4.0,4.0,72.0,3,Neutral,Neutral
1520,1805.309858,0.7194244604316546,640.1771942446044,139.0,33.75,71.0,3,Profit,Profit
1083,0.0,0.0,999.44,1.0,0.0,45.0,4,Profit,Neutral
599,0.0,0.0,250.07333333333332,3.0,3.0,32.0,2,Profit,Neutral
1893,0.0,0.0,5000.0,2.0,0.0,81.0,1,Neutral,Neutral
2262,1747.1899090000002,0.6338028169014085,1623.5340845070425,71.0,0.5777777777777777,46.0,4,Profit,Profit
789,0.0,0.0,8221.31,36.0,35.0,57.0,3,Neutral,Profit
486,197.422418,0.5,358.71500000000003,4.0,1.0,81.0,1,Profit,Neutral
1288,-370.250064,0.6039603960396039,1018.7064356435644,101.0,0.4852941176470588,33.0,2,Loss,Profit
779,2273.29301,0.6190476190476191,10728.97,21.0,0.9090909090909092,70.0,3,Neutral,Profit
745,7329.223137999999,0.5769230769230769,15114.859615384614,52.0,3.0,77.0,1,Neutral,Profit
217,417.388857,0.3636363636363636,530.670303030303,33.0,1.5384615384615383,46.0,4,Profit,Profit
12,101011.685664,0.3051251489868891,23593.019856972587,839.0,0.7157464212678937,44.0,2,Profit,Profit
1448,0.0,0.0,1021.2966666666669,3.0,3.0,75.0,1,Loss,Neutral
489,3174.023699,0.3655172413793103,587.6594137931035,290.0,1.0,84.0,1,Profit,Profit
1568,4334.417218,0.7252252252252253,618.5525225225225,222.0,5.166666666666667,78.0,1,Profit,Profit
363,0.0,0.0,5195.3,2.0,2.0,80.0,1,Loss,Profit
926,2971.896355,0.4098360655737705,17456.443770491805,61.0,1.3461538461538465,84.0,1,Profit,Profit
2087,10760.578324,0.6095238095238096,13882.0966984127,630.0,1.5099601593625498,27.0,2,Profit,Profit
959,8002.939313,0.4745762711864407,25872.653898305085,59.0,0.5945945945945946,15.0,0,Profit,Profit
2059,1215.156099,0.1017964071856287,1351.2349101796408,334.0,8.823529411764707,34.0,2,Neutral,Profit
529,992.803005,0.3164556962025316,484.3945569620253,79.0,0.6458333333333334,63.0,3,Profit,Profit
1481,0.0,0.0,472.709,40.0,40.0,50.0,4,Neutral,Profit
2332,1700.638677,0.3252279635258359,1806.959513677812,329.0,1.238095238095238,72.0,3,Loss,Profit
346,22.80272,0.3333333333333333,15.183333333333332,3.0,0.5,74.0,3,Neutral,Profit
2226,-5527.285214,0.0493827160493827,3502.366296296296,81.0,1.025,73.0,3,Loss,Loss
1298,106.886191,0.9069767441860463,1166.1046511627908,43.0,0.0238095238095238,32.0,2,Profit,Profit
1328,0.0,0.0,7555.826666666667,3.0,3.0,66.0,3,Profit,Profit
52,-3169.355468,0.0,1756.5103076923076,65.0,5.5,15.0,0,Neutral,Profit
888,570.1898180000001,0.3157894736842105,10507.837368421053,19.0,2.8,83.0,1,Profit,Profit
1781,12084.434144,1.0,989.8810714285712,56.0,0.0,71.0,3,Neutral,Profit
5,1603.1,0.4444444444444444,17248.14814814815,27.0,0.8,79.0,1,Loss,Profit
1538,2464.915564,0.419753086419753,1074.653148148148,162.0,0.723404255319149,72.0,3,Profit,Profit
772,0.0,0.0,7999.707142857143,21.0,0.0,52.0,4,Neutral,Profit
1661,-27087.802198,0.021025641025641,636.126676923077,1950.0,3.566744730679157,72.0,3,Profit,Profit
2334,1101.511718,0.422077922077922,1040.8414935064934,154.0,0.7303370786516854,60.0,3,Profit,Profit
542,1295.825632,0.4096385542168674,600.4903614457832,83.0,4.1875,71.0,3,Profit,Profit
247,1.023851,1.0,182.34,1.0,0.0,63.0,3,Profit,Loss
54,2099.019688,1.0,1225.1170212765958,47.0,0.0,28.0,2,Profit,Profit
334,0.0,0.0,1035.7675862068966,29.0,29.0,25.0,2,Neutral,Profit
1263,5049.257348,0.8208955223880597,2169.427164179104,134.0,0.8611111111111112,70.0,3,Profit,Profit
1848,-269.874439,0.25,11894.159609375,128.0,0.4545454545454545,71.0,3,Loss,Profit
402,24553.54115,0.3088235294117647,2824.8166176470586,68.0,0.4468085106382978,34.0,2,Profit,Neutral
757,0.0,0.0,6000.07,3.0,3.0,53.0,4,Neutral,Profit
116,1522.284412,0.4580645161290322,88.59193548387097,155.0,1.1527777777777777,76.0,1,Profit,Profit
1403,8368.226125000001,0.8571428571428571,2856.945714285714,7.0,6.0,30.0,2,Neutral,Profit
2146,0.0,0.0,1122.5670689655171,58.0,0.0,80.0,1,Neutral,Profit
917,1756.982034,0.5567010309278351,24201.82237113402,97.0,1.0208333333333333,61.0,3,Profit,Profit
588,202.313183,0.8333333333333334,837.4561111111111,36.0,0.0909090909090909,46.0,4,Loss,Profit
1606,0.0,0.0,555.02,1.0,0.0,54.0,4,Neutral,Neutral
2180,-2632.65866,0.0,12216.24488095238,84.0,84.0,26.0,2,Profit,Profit
73,-4648.8710550000005,0.0,284.5678402366864,338.0,0.0,65.0,3,Neutral,Loss
1418,4004.50286,0.9230769230769232,9495.466153846151,13.0,0.0,34.0,2,Profit,Neutral
715,1946.445462,0.7714285714285715,9635.940571428571,35.0,0.1666666666666666,66.0,3,Neutral,Profit
1508,274.173187,0.4273504273504273,587.8536752136753,234.0,0.7727272727272727,78.0,1,Profit,Profit
512,74.156745,0.2325581395348837,286.27116279069764,43.0,0.303030303030303,72.0,3,Profit,Profit
2336,1709.194807,0.3902439024390244,2153.8593902439025,82.0,1.5625,61.0,3,Profit,Profit
1077,232.000726,0.1372549019607843,990.530588235294,51.0,1.6842105263157894,23.0,0,Profit,Profit
1830,1000.538612,0.6666666666666666,6106.827333333334,15.0,0.5,73.0,3,Profit,Profit
492,227.072158,0.3623188405797101,423.3769565217391,69.0,0.9166666666666666,79.0,1,Profit,Profit
33,1245.51851,0.6176470588235294,10051.199411764705,34.0,0.6190476190476191,74.0,3,Neutral,Profit
1646,632.303024,0.2703703703703703,1849.3804444444445,270.0,1.16,23.0,0,Profit,Profit
304,279.152034,0.7333333333333333,1287.3273333333334,15.0,0.3636363636363636,25.0,2,Profit,Profit
2187,0.0,0.0,4591.028571428572,7.0,0.0,24.0,0,Loss,Neutral
1988,0.0,0.0,80.09842105263158,19.0,19.0,49.0,4,Neutral,Profit
2010,0.0,0.0,557.795,18.0,18.0,74.0,3,Profit,Profit
183,45.659497,0.1944444444444444,404.88444444444445,36.0,11.0,47.0,4,Profit,Profit
1277,462.740727,0.6785714285714286,3875.14,28.0,0.4736842105263157,50.0,4,Profit,Profit
1906,0.0,0.0,829.8083333333334,6.0,0.0,48.0,4,Neutral,Neutral
494,1474.670598,0.3681318681318681,512.06510989011,182.0,1.4931506849315068,78.0,1,Profit,Profit
301,169.617628,0.625,1016.4883333333332,24.0,0.3333333333333333,25.0,2,Profit,Profit
1691,3923.071266,0.5030674846625767,1710.5239570552149,326.0,0.9878048780487804,83.0,1,Profit,Profit
1916,821.949278,1.0,25405.95,2.0,0.0,74.0,3,Neutral,Profit
1460,0.0,0.0,456.83,1.0,1.0,72.0,3,Neutral,Profit
1294,500.116094,0.2121212121212121,1352.128787878788,33.0,10.0,46.0,4,Profit,Profit
856,2053.119744,0.1621621621621621,14354.293783783784,74.0,5.166666666666667,80.0,1,Profit,Profit
802,0.0,0.0,7500.035,2.0,0.0,56.0,3,Neutral,Neutral
1497,14.126039,0.3571428571428571,355.9985714285714,14.0,0.5555555555555556,76.0,1,Profit,Profit
218,379.04079,0.4571428571428571,637.0742857142857,35.0,0.9444444444444444,47.0,4,Loss,Profit
626,146.420556,0.8888888888888888,360.8011111111112,9.0,1.25,54.0,4,Profit,Profit
113,980.557461,0.6751592356687898,119.62222929936306,157.0,2.925,78.0,1,Profit,Profit
38,1693.493165,0.584070796460177,1737.369557522124,339.0,0.7121212121212122,75.0,1,Profit,Profit
1768,2.83504,1.0,202.87,1.0,0.0,82.0,1,Neutral,Profit
17,0.0,0.0,134600.00166666668,6.0,0.0,47.0,4,Profit,Profit
1204,9949.501624,0.8290598290598291,5625.459401709401,117.0,2.4411764705882355,84.0,1,Profit,Profit
50,0.0,0.0,1462.824423076923,52.0,52.0,16.0,0,Profit,Profit
36,1047.030992,0.717948717948718,2154.3915384615384,39.0,0.3448275862068966,77.0,1,Profit,Profit
1221,126.7884,0.5,3443.955,2.0,1.0,71.0,3,Profit,Profit
834,333.219141,0.8333333333333334,20055.23833333333,6.0,0.2,73.0,3,Neutral,Neutral
873,610.52512,0.1428571428571428,25798.08571428572,7.0,0.0,78.0,1,Profit,Profit
1833,141.832675,0.2,8887.428,10.0,4.0,74.0,3,Profit,Profit
2200,19858.73334,1.0,2053.538692307692,130.0,0.2745098039215686,39.0,2,Neutral,Profit
1549,175.061007,0.35,979.567,20.0,1.0,90.0,1,Profit,Profit
872,1174.315571,0.5,28232.108333333334,12.0,3.0,77.0,1,Profit,Profit
169,1291.500575,0.3541666666666667,1139.6597916666667,48.0,1.8235294117647056,72.0,3,Profit,Profit
180,64.653448,0.8888888888888888,257.83222222222224,9.0,0.2857142857142857,50.0,4,Profit,Profit
2176,3859.44,0.6071428571428571,2181.2564285714284,28.0,1.5454545454545454,25.0,2,Loss,Profit
1179,1166.248788,0.2916666666666667,1125.4704166666668,48.0,1.4,55.0,3,Profit,Profit
689,338.42832,0.125,3292.47625,8.0,7.0,83.0,1,Profit,Profit
2153,0.0,0.0,1070.0,10.0,0.0,73.0,3,Neutral,Neutral
1144,0.0,0.0,3981.571428571429,14.0,14.0,75.0,1,Profit,Neutral
2291,5090.880874,0.5681159420289855,1461.4744347826086,690.0,0.7079207920792079,45.0,4,Loss,Profit
914,-36229.641811,0.4474885844748858,26918.19479452055,219.0,0.8717948717948718,50.0,4,Profit,Profit
1483,0.0,0.0,3685.7825,4.0,4.0,25.0,2,Neutral,Profit
736,2136.853859,0.4,7525.7636,25.0,0.25,57.0,3,Profit,Profit
998,0.0,0.0,18749.705,4.0,4.0,29.0,2,Profit,Profit
1863,-3093.629385,0.0,11094.355,6.0,0.0,52.0,4,Neutral,Neutral
225,669.381363,0.6,414.13428571428574,70.0,0.627906976744186,44.0,2,Profit,Profit
1554,365.437929,0.3795620437956204,2588.8760583941607,137.0,0.7792207792207793,94.0,1,Profit,Profit
185,278.142839,0.490566037735849,429.3352830188679,53.0,0.8928571428571429,49.0,4,Profit,Profit
840,4543.862071,0.64,16183.4872,25.0,0.5625,72.0,3,Profit,Neutral
2065,2597.947325,1.0,1903.2236842105265,38.0,38.0,47.0,4,Neutral,Profit
264,59.744874,0.3333333333333333,6943.03,6.0,2.0,84.0,1,Profit,Profit
1122,0.0,0.0,1397.385294117647,17.0,0.0,83.0,1,Neutral,Neutral
341,13.566929,0.6666666666666666,11.366666666666667,3.0,0.5,81.0,1,Neutral,Profit
841,666.6623079999999,0.75,22666.1025,4.0,0.0,74.0,3,Neutral,Profit
1589,0.0,0.0,452.09615384615387,13.0,0.1818181818181818,72.0,3,Neutral,Profit
165,755.916254,0.7755102040816326,374.2630612244898,49.0,0.2894736842105263,76.0,1,Profit,Profit
605,-132.88134,0.4,586.6572,25.0,0.1904761904761904,30.0,2,Loss,Profit
2166,160022.950826,1.0,3243.988695652174,69.0,69.0,44.0,2,Neutral,Profit
1485,-4968.487948,0.0,7609.877692307693,26.0,1.1666666666666667,23.0,0,Profit,Profit
1918,773.4582,0.2222222222222222,5640.383333333334,9.0,0.0,75.0,1,Neutral,Neutral
1838,-970.730876,0.0,4352.923913043478,23.0,0.7692307692307693,73.0,3,Profit,Profit
2093,594.5722,0.5692307692307692,29067.860615384616,65.0,1.3214285714285714,46.0,4,Loss,Profit
945,2678.115601,0.4310344827586206,19911.15103448276,58.0,0.8709677419354839,48.0,4,Profit,Profit
2277,2886.786952,0.3058321479374111,1449.1966998577525,703.0,0.8897849462365591,10.0,0,Profit,Profit
1421,4805.345609999999,0.1029411764705882,932.0805882352942,68.0,0.2142857142857142,28.0,2,Profit,Neutral
1626,0.0,0.0,383.9627272727273,11.0,11.0,45.0,4,Profit,Profit
1930,0.0,0.0,314.2848148148148,27.0,0.0,60.0,3,Neutral,Neutral
393,0.0,0.0,607.7802439024391,82.0,0.0,49.0,4,Neutral,Profit
1240,323.34897900000016,0.0769230769230769,3563.27,52.0,1.2608695652173914,83.0,1,Profit,Profit
941,2069.55836,0.3452380952380952,14470.832976190475,84.0,1.2105263157894737,43.0,2,Profit,Profit
622,350.896638,0.25,396.0429166666667,24.0,0.8461538461538461,63.0,3,Neutral,Profit
375,6942.186825,0.6428571428571429,5866.705,14.0,0.5555555555555556,83.0,1,Profit,Profit
1764,167.28016200000002,1.0,375.2325,4.0,0.0,72.0,3,Profit,Neutral
1011,0.0,0.0,3791.86515625,64.0,64.0,75.0,1,Profit,Neutral
1984,0.0,0.0,2007.215,2.0,2.0,26.0,2,Neutral,Neutral
472,0.0,0.0,0.65,1.0,0.0,50.0,4,Profit,Neutral
179,404.813032,0.7872340425531915,536.6263829787234,47.0,0.119047619047619,48.0,4,Profit,Profit
1649,-103.71342200000002,0.267515923566879,874.4072929936306,314.0,1.2269503546099292,39.0,2,Profit,Profit
2,0.0,0.0,7976.664411764705,68.0,0.0,90.0,1,Neutral,Profit
164,1234.2072,0.6395348837209303,394.06465116279065,86.0,0.4098360655737705,70.0,3,Profit,Profit
617,64.128219,1.0,375.075,2.0,0.0,32.0,2,Profit,Profit
511,1473.245088,0.6086956521739131,439.5926086956522,115.0,1.5555555555555556,74.0,3,Profit,Profit
2243,2109.118305,0.5476190476190477,921.5711904761904,84.0,0.8260869565217391,75.0,1,Profit,Profit
1434,0.0,0.0,3511.545208333333,96.0,0.0,32.0,2,Neutral,Neutral
795,858.6705000000001,0.375,2758.775,16.0,16.0,25.0,2,Neutral,Profit
1262,45.381082,0.7777777777777778,1330.861666666667,36.0,0.2857142857142857,72.0,3,Profit,Profit
2271,4483.141317,0.4549019607843137,1669.3589019607844,255.0,0.7832167832167832,55.0,3,Profit,Profit
993,25875.837656,0.5333333333333333,19464.35377777778,45.0,0.875,18.0,0,Neutral,Profit
220,-21.766132,0.024390243902439,876.1812195121952,41.0,9.25,44.0,2,Profit,Profit
1271,235.47104,0.5,6882.275,2.0,1.0,44.0,2,Profit,Neutral
1234,1.56576,0.3333333333333333,46.46,3.0,2.0,64.0,3,Neutral,Profit
582,119.3611,0.2258064516129032,449.9274193548387,31.0,5.2,28.0,2,Neutral,Profit
2331,1463.173211,0.48711943793911,1607.504824355972,427.0,1.16751269035533,47.0,4,Profit,Profit
1912,0.0,0.0,1280.0233333333333,3.0,0.0,70.0,3,Loss,Neutral
1056,0.0,0.0,543.5169565217391,23.0,23.0,61.0,3,Neutral,Profit
602,93.006465,0.75,405.9275,4.0,3.0,44.0,2,Profit,Profit
1296,5845.632627,0.9605263157894736,1292.3644736842105,152.0,1.7142857142857142,32.0,2,Profit,Profit
2307,-3661.110398,0.3191709844559585,1381.2940414507773,965.0,1.0887445887445888,26.0,2,Profit,Profit
1825,-205.43473700000007,0.3636363636363636,10291.213636363636,11.0,0.8333333333333334,72.0,3,Loss,Profit
1939,0.0,0.0,47.401818181818186,11.0,0.2222222222222222,47.0,4,Profit,Neutral
1227,3774.08872,0.9210526315789472,6344.664210526315,38.0,0.6521739130434783,74.0,3,Profit,Profit
79,208.81746,0.75,39530.9875,4.0,3.0,84.0,1,Profit,Profit
1567,272.131501,0.0300751879699248,246.8388345864662,266.0,0.1176470588235294,76.0,1,Profit,Profit
291,2167.17715,0.6226415094339622,5537.374905660377,53.0,0.6060606060606061,75.0,1,Profit,Profit
994,0.0,0.0,16655.645555555555,9.0,9.0,39.0,2,Profit,Profit
1132,0.0,0.0,28677.0,1.0,0.0,73.0,3,Neutral,Neutral
1566,151.429584,0.1764705882352941,209.45666666666668,51.0,0.2142857142857142,72.0,3,Profit,Profit
2152,0.0,0.0,3216.5875,16.0,0.0,70.0,3,Neutral,Neutral
903,390.062046,0.2857142857142857,5685.322142857142,14.0,1.0,73.0,3,Profit,Profit
1336,1621.278931,1.0,7545.6675,4.0,0.0,61.0,3,Profit,Neutral
820,0.0,0.0,30002.25,4.0,4.0,37.0,2,Profit,Neutral
366,0.0,0.0,209.94,1.0,0.0,76.0,1,Neutral,Neutral
87,8157.112326,0.9428571428571428,15603.565285714289,70.0,22.33333333333333,63.0,3,Neutral,Profit
284,-33.4413,0.0,116.665,2.0,1.0,77.0,1,Profit,Profit
2122,229058.684298,0.91353001017294,4677.476866734486,983.0,0.0946547884187082,20.0,0,Neutral,Profit
1115,0.0,0.0,917.6733333333332,3.0,0.0,59.0,3,Neutral,Neutral
1273,990.674468,0.603448275862069,2647.6505172413795,58.0,0.7058823529411765,43.0,2,Profit,Profit
2121,0.0,0.0,6625.281438721137,563.0,563.0,15.0,0,Profit,Profit
1150,0.0,0.0,772.9157407407408,54.0,0.8620689655172413,44.0,2,Neutral,Profit
477,5615.052102,0.2580645161290322,4485.160645161291,93.0,2.875,44.0,2,Profit,Profit
1976,0.0,0.0,347.75,1.0,1.0,55.0,3,Neutral,Profit
1607,0.0,0.0,510.6405,20.0,0.0,51.0,4,Profit,Neutral
279,2243.319777,0.979591836734694,4127.501224489796,49.0,0.0208333333333333,64.0,3,Profit,Profit
996,253.67505,0.375,6281.60375,8.0,1.6666666666666667,45.0,4,Profit,Profit
1486,142.99159,0.4347826086956521,3984.750434782608,23.0,0.7692307692307693,24.0,0,Neutral,Profit
610,258.032458,0.3809523809523809,520.317619047619,21.0,6.0,39.0,2,Profit,Profit
829,0.0,0.0,6000.242,10.0,10.0,50.0,4,Profit,Profit
766,0.0,0.0,13514.937,20.0,20.0,29.0,2,Profit,Neutral
877,1467.100221,0.4444444444444444,31374.63555555556,9.0,1.25,76.0,1,Profit,Profit
2239,-4968.452873,0.1727748691099476,791.7238219895288,191.0,1.2470588235294118,76.0,1,Profit,Profit
1620,0.0,0.0,110.53285714285714,7.0,0.0,25.0,2,Profit,Neutral
1400,0.0,0.0,1891.8805405405408,37.0,2.363636363636364,45.0,4,Profit,Profit
1793,0.0,0.0,3500.644444444444,9.0,9.0,20.0,0,Neutral,Profit
835,0.0,0.0,24999.215,4.0,4.0,72.0,3,Profit,Profit
1738,0.0,0.0,369.27675,40.0,40.0,15.0,0,Neutral,Profit
2234,66.63180299999999,0.375,908.50375,8.0,1.6666666666666667,70.0,3,Neutral,Profit
85,-19037.340561,0.0,8110.89095959596,594.0,0.6454293628808865,47.0,4,Loss,Profit
280,21980.47249,0.9191176470588236,2289.4099264705883,136.0,0.088,50.0,4,Loss,Profit
537,2867.613889,0.3571428571428571,587.97,98.0,0.3243243243243243,84.0,1,Profit,Profit
749,0.0,0.0,13143.021904761908,21.0,21.0,74.0,3,Neutral,Profit
1190,3894.10507,0.4651162790697674,4279.456162790698,86.0,0.6226415094339622,74.0,3,Profit,Profit
1501,20.951433,0.7142857142857143,405.4414285714286,7.0,2.5,73.0,3,Profit,Profit
105,1283.846047,0.5214285714285715,140.36935714285713,140.0,1.0,80.0,1,Profit,Profit
613,490.326312,0.3846153846153846,601.84,26.0,2.25,45.0,4,Profit,Profit
1361,0.0,0.0,681.8109090909091,22.0,0.0,71.0,3,Neutral,Neutral
2257,2631.225181,0.4,2059.84464,125.0,1.5,44.0,2,Loss,Profit
702,883.760812,0.3243243243243243,6072.016756756757,37.0,0.1935483870967742,79.0,1,Neutral,Profit
808,0.0,0.0,15000.21,2.0,2.0,26.0,2,Neutral,Neutral
1864,0.0,0.0,839.1366666666667,3.0,3.0,49.0,4,Profit,Profit
653,0.0,0.0,3216.501666666667,84.0,84.0,24.0,0,Neutral,Neutral
2263,5096.967096,0.5064102564102564,1561.7910256410255,156.0,0.7528089887640449,50.0,4,Loss,Profit
2097,38.9845,0.5,2217.905,2.0,1.0,49.0,4,Profit,Profit
907,2399.9471460000004,0.4210526315789473,19582.443684210524,19.0,1.375,70.0,3,Profit,Profit
2123,0.0,0.0,9899.837042253524,71.0,71.0,25.0,2,Profit,Neutral
978,134.82844,0.9,4013.454,10.0,0.1111111111111111,30.0,2,Neutral,Profit
1816,2087.063794,0.1111111111111111,16199.963333333331,27.0,8.0,47.0,4,Profit,Profit
1085,0.0,0.0,1124.95125,8.0,0.0,38.0,2,Profit,Neutral
828,541.55471,0.7,15971.34,10.0,2.333333333333333,49.0,4,Neutral,Profit
1873,-215.615907,0.1645220588235294,7396.280707720588,1088.0,0.9087719298245616,64.0,3,Profit,Loss
1891,1026.004099,1.0,290.5161538461538,13.0,0.0,82.0,1,Profit,Profit
2320,857.60294,0.2357723577235772,1340.7579674796746,123.0,1.7333333333333334,25.0,2,Profit,Profit
2308,536.150767,0.490566037735849,1635.4145283018868,53.0,1.0384615384615383,32.0,2,Profit,Profit
1047,698.009722,1.0,136.67374999999998,8.0,0.0,74.0,3,Profit,Profit
