,prev_day_Daily PnL,prev_day_Win Rate,prev_day_Average Trade Size USD,prev_day_Number of Trades,prev_day_Long/Short Ratio,prev_day_value,prev_day_classification,Actual Volatility,Predicted Volatility
1664,394.655169,0.4714285714285714,1416.666857142857,70.0,0.9444444444444444,65.0,3,78.78402200000001,2265.1356599299993
520,8.594753,0.1052631578947368,439.9673684210526,38.0,0.027027027027027,72.0,3,559.643925,721.1734507000002
1151,0.0,0.0,2206.1225,24.0,0.0,43.0,2,0.0,3238.5793970199975
46,-12346.990829,0.0,612.1092741935485,124.0,0.0,47.0,4,355.5854,14316.474471040005
986,1402.082488,0.4,7070.317,20.0,1.5,34.0,2,0.0,1834.8241299999995
1134,0.0,0.0,2406.462941176471,34.0,0.0,72.0,3,0.0,4763.27279466
1770,34709.852428,0.8032786885245902,856.4519672131147,61.0,0.2448979591836734,81.0,1,0.0,12344.676893150001
1683,0.0,0.0,60250.0,8.0,8.0,25.0,2,3425.96095,18106.925583249995
2048,0.0,0.0,1418.0078873239436,71.0,71.0,25.0,2,0.0,5823.578257780002
1265,9609.447365,0.7702702702702703,4026.332567567568,148.0,3.3529411764705883,68.0,3,14982.681725,16390.5078261
1597,0.0,0.0,277.15333333333336,6.0,0.0,44.0,2,131.753274,385.17058046999983
481,0.0,0.0,1231.3267948717948,78.0,0.0,29.0,2,0.0,1712.4216758900002
1431,912.29492,0.0256410256410256,3846.1415384615375,39.0,0.0263157894736842,29.0,2,0.0,6972.127721779998
212,144.656157,0.5,1620.353,20.0,0.4285714285714285,49.0,4,0.5844,1261.41356271
1259,3540.716915,0.9416058394160584,1282.6185401459854,137.0,0.6309523809523809,75.0,1,2582.715893,2084.5255097199997
518,846.655814,0.2352941176470588,321.5754901960784,102.0,1.0,74.0,3,73.451675,1447.0795069999992
1369,0.0,0.0,676.7046666666666,45.0,0.0,72.0,3,0.0,545.8800368900002
287,59.672564,0.4,125.142,15.0,1.5,76.0,1,12769.669401,626.2985971700002
1243,126.32543,0.9285714285714286,469.7357142857143,14.0,0.0769230769230769,80.0,1,758.93225,657.3092602500004
493,311.290605,0.3454545454545454,399.53854545454544,55.0,1.391304347826087,78.0,1,1474.670598,860.7998835
1426,4596.960442,0.4943820224719101,3151.4488764044945,89.0,0.0,39.0,2,9584.869233,3339.2595016200007
953,1287.143384,0.5714285714285714,16717.653406593407,91.0,0.75,49.0,4,109.68322,4431.302753339999
1988,0.0,0.0,80.09842105263158,19.0,19.0,49.0,4,0.0,10242.704691800005
632,357.346725,0.5,7190.583333333333,18.0,1.0,74.0,3,2227.18659,1907.5939086700005
942,1353.604398,0.3928571428571428,12581.13017857143,56.0,1.0,47.0,4,5212.729861,3133.399712809999
1350,0.0,0.0,2142.7757142857145,14.0,14.0,87.0,1,0.0,2297.44599135
442,12082.95,1.0,13593.75,2.0,2.0,70.0,3,0.0,14205.25238272
1070,0.0,0.0,149.99,1.0,1.0,34.0,2,132.71954399999998,245.31503273000035
1981,0.0,0.0,11111.126666666669,9.0,0.8,29.0,2,1065.785132,1460.4703957800002
1372,0.0,0.0,666.651111111111,9.0,0.0,44.0,2,0.0,272.43708777000006
1957,0.0,0.0,3896.047777777778,9.0,9.0,52.0,4,554.12049,1548.3620571299994
2198,51942.142881,0.2777777777777778,15608.295185185189,108.0,1.1176470588235294,23.0,0,36400.46439,57555.23111830999
1228,2467.702221,0.9347826086956522,3952.523695652174,46.0,2.066666666666667,65.0,3,2441.4684,4501.781829589998
1120,8692.0,1.0,4659.2,5.0,5.0,72.0,3,573.585288,5685.99449405
813,334.760796,0.5,20167.145,2.0,1.0,50.0,4,0.0,1642.7345682300004
1846,135.58166400000002,0.4545454545454545,13569.154545454548,22.0,1.0,70.0,3,835.681235,1543.0041570599997
690,228.57984,0.1666666666666666,4537.276666666667,6.0,5.0,81.0,1,429.683075,838.80219135
31,1613.165903,0.2542372881355932,1913.523898305085,59.0,2.933333333333333,81.0,1,0.0,40582.76110342999
1442,0.0,0.0,668.3,3.0,3.0,78.0,1,0.0,714.62786508
1890,-1443.814567,0.0,420.5385714285714,7.0,7.0,80.0,1,1026.004099,3508.9022749299997
2088,9163.142483,0.3351955307262569,21399.0256424581,358.0,1.9833333333333332,20.0,0,57956.282958,26964.85658397
1948,648.984412,1.0,182.43,15.0,0.0,27.0,2,382.107881,1360.5223248799998
746,0.0,0.0,6428.95,7.0,7.0,72.0,3,0.0,556.19534375
1056,0.0,0.0,543.5169565217391,23.0,23.0,61.0,3,0.0,2076.564612439998
1764,167.28016200000002,1.0,375.2325,4.0,0.0,72.0,3,3360.9281,1170.92288837
2161,-10750.654828,0.0,7729.219166666667,12.0,1.4,77.0,1,7963.5855,22069.584097089995
2308,536.150767,0.490566037735849,1635.4145283018868,53.0,1.0384615384615383,32.0,2,41.27745400000002,1430.87059432
1509,1573.244278,0.3903743315508021,832.9677272727273,374.0,0.5203252032520326,77.0,1,129.13883900000002,4383.038661080005
441,2229.5212300000003,1.0,4987.015,4.0,4.0,75.0,1,12082.95,4015.4387039999983
1071,132.71954399999998,0.2857142857142857,1954.3107142857143,14.0,0.4,34.0,2,234.497751,1603.8063323200001
1362,0.0,0.0,588.2223529411765,17.0,0.0,72.0,3,0.0,888.9129932500003
2193,-8320.5,0.0,138666.66666666666,3.0,0.0,34.0,2,9311.892185,15464.943248289994
471,0.0,0.0,0.54,1.0,0.0,37.0,2,0.0,46764.95653267001
1893,0.0,0.0,5000.0,2.0,0.0,81.0,1,0.0,698.5509970300002
1790,20925.513222,0.7241379310344828,3898.738206896552,145.0,0.3809523809523809,76.0,1,0.0,9927.701517180001
1960,0.0,0.0,5002.563703703704,27.0,26.0,34.0,2,8394.889856,10320.440088259998
975,0.0,0.0,14999.98875,8.0,8.0,49.0,4,0.0,1103.38509172
2194,-9311.892185,0.0,5608.603928571429,28.0,2.5,34.0,2,2676.6850000000004,13733.43079544
2317,11735.32104,0.7485029940119761,1521.912754491018,167.0,0.336,24.0,0,2503.69251,7664.496190950002
785,0.0,0.0,10666.563333333334,3.0,3.0,71.0,3,0.0,1102.9177259599996
1682,0.0,0.0,9481.510444444444,45.0,45.0,49.0,4,0.0,39132.40135941999
2303,1256.867824,0.4411764705882353,1210.40545751634,306.0,1.1549295774647887,46.0,4,6062.660109,2150.37003034
1554,365.437929,0.3795620437956204,2588.8760583941607,137.0,0.7792207792207793,94.0,1,1439.449718,17098.90023015001
1698,0.0,0.0,1403.5600000000002,3.0,3.0,70.0,3,0.0,741.3619141700005
115,5806.86932,0.5578231292517006,150.14530612244897,147.0,0.2352941176470588,83.0,1,1522.284412,10358.798985559995
1310,1442.90516,0.9545454545454546,1396.4452272727274,44.0,0.0476190476190476,43.0,2,1828.36966,2173.1520363600002
256,2215.402997,0.2028985507246377,1825.0886956521736,69.0,3.928571428571429,88.0,1,2137.203852,10934.184066100002
928,1707.06994,0.3809523809523809,14664.804285714286,42.0,0.5,75.0,1,446.444854,3512.39039004
233,73.76740699999999,0.5,166.24727272727273,22.0,0.8333333333333334,39.0,2,67.00618399999999,478.33542164
610,258.032458,0.3809523809523809,520.317619047619,21.0,6.0,39.0,2,608.246567,488.6283124700001
295,-639.3510530000001,0.5737704918032787,3750.11868852459,61.0,0.3863636363636363,49.0,4,1145.924392,9515.564930719998
430,0.0,0.0,63727.4,1.0,1.0,28.0,2,562.1943200000001,1466.4316468200004
2218,126852.290809,0.473469387755102,4090.468489795919,245.0,1.112068965517241,83.0,1,128648.384642,26702.52680703002
1555,1439.449718,0.3036649214659686,2003.0396858638744,191.0,0.5158730158730159,93.0,1,391.890903,12887.7175304
1197,8244.241409,0.9343065693430656,3452.370072992701,137.0,0.37,80.0,1,1674.715167,19313.368120140003
2100,-836.051084,0.231578947368421,35299.14631578948,95.0,0.9791666666666666,46.0,4,774.039828,7898.623983539999
987,0.0,0.0,19999.7,1.0,1.0,44.0,2,0.0,1165.7038675200001
138,232.665498,0.4938271604938271,156.68296296296296,81.0,0.6530612244897959,73.0,3,87.752181,435.1993718300002
1049,39057.10912,1.0,664.7225000000001,80.0,0.0,83.0,1,18879.21027,70009.32905583002
621,511.720343,0.3555555555555555,336.54622222222224,45.0,0.3235294117647059,72.0,3,350.896638,541.8005846700003
2307,-3661.110398,0.3191709844559585,1381.2940414507773,965.0,1.0887445887445888,26.0,2,536.150767,6214.774277689997
200,411.824274,0.375,748.432,40.0,1.8571428571428568,34.0,2,173.811132,444.79853222999986
327,0.0,0.0,0.4266666666666667,3.0,0.0,69.0,3,0.0,5976.407879929998
2004,0.0,0.0,1608.8398387096772,62.0,0.0,73.0,3,20549.813184,22661.595064530014
489,3174.023699,0.3655172413793103,587.6594137931035,290.0,1.0,84.0,1,514.886454,3845.0433825999994
1744,1279.688605,0.1946107784431137,1325.6926047904192,334.0,4.138461538461539,63.0,3,4058.112969,2583.0307880300006
222,-743.288757,0.0227272727272727,726.7522727272727,44.0,2.3846153846153846,32.0,2,3.5652170000000005,2786.0680167899995
104,4458.25495,0.5025906735751295,247.12725388601035,193.0,0.5196850393700787,81.0,1,1283.846047,3827.5945454099997
2029,69051.70619,0.8068181818181818,6537.665,88.0,88.0,60.0,3,46742.288748,7160.295688550001
1308,948.85929,0.9767441860465116,1116.5534883720932,43.0,0.0238095238095238,24.0,0,1593.79335,9019.432489870002
431,562.1943200000001,1.0,3383.65,19.0,0.0,30.0,2,0.0,1243.3663868899998
58,-2315.377191,0.0,4259.311481481482,27.0,1.7,45.0,4,0.0,12329.21455675
1234,1.56576,0.3333333333333333,46.46,3.0,2.0,64.0,3,0.0,321.87453253000007
1107,0.0,0.0,1287.706923076923,39.0,0.0,32.0,2,458.08035,3483.5708176399994
601,-680.287463,0.3157894736842105,247.43947368421053,19.0,0.4615384615384615,34.0,2,93.006465,1807.5628478699987
1488,202.27562,1.0,2599.29625,8.0,0.0,43.0,2,56.13971,987.2757094799999
1859,266.58114600000005,0.2727272727272727,9375.43090909091,11.0,0.375,56.0,3,209.392171,652.94610876
1138,0.0,0.0,6065.75,6.0,0.0,74.0,3,0.0,8145.291487789997
1750,1555.834562,0.3565217391304348,793.9205507246378,345.0,1.804878048780488,56.0,3,1449.529436,2384.5365947499995
755,0.0,0.0,7499.34,4.0,0.0,60.0,3,773.5582039999999,748.46237035
1568,4334.417218,0.7252252252252253,618.5525225225225,222.0,5.166666666666667,78.0,1,1303.127763,2949.67145962
1319,1250.258199,0.1724137931034483,2504.40724137931,29.0,1.4166666666666667,63.0,3,1113.013801,2272.48568576
422,3855.7522,1.0,1612.0868,25.0,0.0,77.0,1,0.0,5174.015086430001
2208,-2993.575225,0.0,1538.6438235294115,34.0,0.7,72.0,3,113601.020138,4719.42007113
1977,0.0,0.0,121.97604651162791,43.0,42.0,48.0,4,1333.359645,2629.157589529999
1406,3036.68886,0.0825688073394495,1511.8720183486237,109.0,0.0,32.0,2,652.062115,2624.9908995299998
1039,1656.211757,0.5592417061611374,54580.9617535545,211.0,0.2126436781609195,72.0,3,35332.403093,12023.302135580005
2265,3822.79759,0.4153846153846154,1798.402076923077,130.0,2.333333333333333,50.0,4,321.733978,3988.0948858599986
759,4197.732182,0.6774193548387096,11748.220645161293,31.0,0.0,46.0,4,0.0,2029.7227649099993
1188,3053.31353,0.7714285714285715,3363.1262857142856,35.0,0.5909090909090909,72.0,3,1858.79857,1007.8497418800005
929,446.444854,0.2222222222222222,22485.88888888889,18.0,18.0,75.0,1,0.0,5155.165353589999
252,-0.099060000000001,0.2857142857142857,2139.280714285714,14.0,0.75,75.0,1,3.41119,1483.55886691
2207,0.0,0.0,8027.694615384616,13.0,0.0,32.0,2,2993.575225,8468.124649180001
2288,9791.668235,0.5091036414565826,1381.5543347338937,1428.0,0.6899408284023668,20.0,0,136.41741799999994,59669.03015343001
1014,0.0,0.0,9144.806857142858,35.0,35.0,32.0,2,5429.87424,37226.75465377001
496,574.398074,0.2893081761006289,458.388427672956,159.0,0.8928571428571429,83.0,1,587.630504,6245.066082060001
100,193.664159,0.4378698224852071,1110.83224852071,169.0,0.69,75.0,1,165.532644,2467.670986089999
2150,-128.0,0.0,6080.864864864865,37.0,0.2758620689655172,75.0,1,11799.68,1392.5604149600001
183,45.659497,0.1944444444444444,404.88444444444445,36.0,11.0,47.0,4,20.62415,1142.0044281299997
1127,0.0,0.0,3150.0064285714284,14.0,0.0,87.0,1,0.0,5160.03315833
1826,-24.632034,0.0,5304.975,2.0,2.0,70.0,3,0.0,900.7755129499994
1024,3131.840108,0.1081081081081081,9667.030743243244,148.0,8.25,24.0,0,36253.792726,12040.198760889993
1341,1130.350383,1.0,3004.626666666667,6.0,0.0,44.0,2,246.8944,1128.12340345
894,0.0,0.0,37047.935,6.0,6.0,74.0,3,1367.500173,5477.926447659997
259,-8.138354999999999,0.2666666666666666,393.8633333333333,15.0,0.875,83.0,1,2626.800865,2431.2467981400005
1567,272.131501,0.0300751879699248,246.8388345864662,266.0,0.1176470588235294,76.0,1,4334.417218,5879.386569720011
1806,15.24474,1.0,771.87,1.0,0.0,83.0,1,0.0,13098.785880550004
454,0.0,0.0,5839.154827586207,58.0,0.5675675675675675,32.0,2,0.0,2971.6233884600015
444,0.0,0.0,2966.789166666667,12.0,0.0,70.0,3,0.0,1093.28805901
772,0.0,0.0,7999.707142857143,21.0,0.0,52.0,4,0.0,4854.76555441
1142,10647.977,1.0,38563.98,1.0,1.0,69.0,3,0.0,17235.61184536999
1697,2718.982224,0.2783505154639175,1754.120412371134,291.0,2.592592592592593,73.0,3,0.0,3771.8818889100007
1222,5296.433789,0.9146341463414634,3723.111585365854,82.0,0.0933333333333333,79.0,1,1218.4267,5655.288697350003
642,0.0,0.0,1538.4553846153844,13.0,13.0,49.0,4,856.4737299999999,23728.88339795999
1451,0.0,0.0,587.97,1.0,1.0,78.0,1,0.0,1388.99254604
482,0.0,0.0,1514.5613793103448,58.0,0.0,33.0,2,0.0,4607.46954816
1543,442.748384,0.274390243902439,1361.297987804878,164.0,0.3781512605042016,78.0,1,4876.874304,3021.23578767
892,-4627.220257,0.0806451612903225,28169.05516129032,62.0,11.4,81.0,1,1582.2032900000002,7966.36075195
1797,622.41079,0.4615384615384615,792.1807692307691,13.0,1.1666666666666667,18.0,0,5615.909695,4147.394552929998
575,109.593094,0.4444444444444444,617.1918518518519,27.0,0.2272727272727272,20.0,0,349.12092600000005,1049.73522023
539,553.5255989999999,0.45,583.839,40.0,2.333333333333333,75.0,1,416.148576,841.1940484599999
902,16.972942,0.5,18342.231666666667,6.0,0.0,72.0,3,390.062046,8232.682172410001
1676,0.0,0.0,2098.619710743801,484.0,484.0,77.0,1,63464.28729,20460.960111849978
284,-33.4413,0.0,116.665,2.0,1.0,77.0,1,11437.823512,2046.9816883599979
312,1334.414834,0.4444444444444444,1193.0444444444445,9.0,1.25,34.0,2,1.103158,1493.2304912900001
1924,10258.592609,1.0,2791.98,15.0,15.0,74.0,3,1285.52444,33087.633003250005
1920,0.0,0.0,117.52166666666666,12.0,12.0,75.0,1,4269.550668,702.66108333
2124,87405.926823,0.6803377563329313,4768.31558504222,829.0,0.4698581560283688,34.0,2,10.184488,48362.14692825
2032,14644.100674,0.4220183486238532,2359.758899082569,218.0,0.7301587301587301,54.0,4,51100.947505,10917.93095207
2180,-2632.65866,0.0,12216.24488095238,84.0,84.0,26.0,2,57561.35367,36693.786531949976
1810,-1646.3529,0.0,9477.486,35.0,0.0606060606060606,32.0,2,0.0,7841.040492979998
1533,0.0,0.0,1874.2325,4.0,0.0,30.0,2,656.200925,1015.6154576899999
1454,0.0,0.0,1399.11,1.0,1.0,75.0,1,0.0,1463.7109121699998
811,9585.03428,0.6666666666666666,25380.9675,12.0,0.3333333333333333,54.0,4,0.0,49826.561186100014
519,73.451675,0.2631578947368421,628.7080701754386,57.0,0.5405405405405406,73.0,3,8.594753,728.7893416099998
416,135.09947,0.875,1860.1075,8.0,0.1428571428571428,84.0,1,0.0,3560.4607221200004
962,3273.539442,0.8181818181818182,10090.28,22.0,0.4666666666666667,34.0,2,0.0,748.3871126099999
1421,4805.345609999999,0.1029411764705882,932.0805882352942,68.0,0.2142857142857142,28.0,2,17621.701092,2758.35880277
72,1969.39321,0.1212121212121212,3782.839757575757,330.0,0.9642857142857144,60.0,3,4648.8710550000005,7505.954092379998
1892,388.830831,0.4210526315789473,3995.254210526316,19.0,0.4615384615384615,83.0,1,0.0,759.2435322999997
192,71.919819,0.4333333333333333,765.107,30.0,1.5,10.0,0,3425.450348,2927.2747046900013
447,0.0,0.0,10322.714,5.0,0.0,44.0,2,0.0,1980.036148440001
308,1215.774424,0.7162162162162162,1528.0594594594593,74.0,0.3962264150943396,31.0,2,514.5145660000001,1721.32934198
1741,100.221989,0.3617021276595745,400.05872340425526,47.0,0.6785714285714286,29.0,2,18.57004,247.85635256999984
1229,2441.4684,0.9285714285714286,6968.785000000001,14.0,13.0,67.0,3,360.32138,8787.024389190003
1296,5845.632627,0.9605263157894736,1292.3644736842105,152.0,1.7142857142857142,32.0,2,82.269533,2346.39084499
1911,0.0,0.0,1658.2700000000002,3.0,0.0,57.0,3,0.0,168.05822736
264,59.744874,0.3333333333333333,6943.03,6.0,2.0,84.0,1,16196.864846,644.8445049999999
1467,0.0,0.0,2351.285,8.0,8.0,44.0,2,9167.620989,1547.1400432299997
1778,556.803152,1.0,213.094,5.0,0.0,73.0,3,7013.428624,1317.7485614800003
1208,3400.385378,0.8823529411764706,11756.876470588237,17.0,0.1333333333333333,88.0,1,5509.2545,4427.222534400004
1675,8639.369933,0.9,9857.593,60.0,60.0,70.0,3,0.0,20319.372084450006
823,0.0,0.0,10475.459523809524,21.0,0.0,50.0,4,5396.546638,2578.6677405600003
161,838.930696,0.4253731343283582,1223.7995522388055,268.0,1.350877192982456,71.0,3,1019.55769,2026.4284571700002
847,0.0,0.0,27498.585,4.0,4.0,74.0,3,2259.351364,1155.91965494
540,416.148576,0.5555555555555556,607.7458333333333,36.0,1.1176470588235294,75.0,1,535.938645,553.6317609399997
1769,0.0,0.0,5762.356666666667,21.0,21.0,78.0,1,34709.852428,1094.0958365000004
1354,768.814445,1.0,1918.2925,4.0,3.0,73.0,3,1211.511836,1762.8133820800006
428,0.0,0.0,0.22,1.0,0.0,61.0,3,8019.163096,479.92392603
1630,65.297516,0.6363636363636364,483.58363636363634,11.0,11.0,49.0,4,0.0,2006.0485756699993
1705,0.0,0.0,671.1622222222222,9.0,9.0,75.0,1,0.0,698.7536577199999
592,-147.78931200000002,0.7,769.2385,20.0,0.8181818181818182,49.0,4,39.1247,1235.6850373700004
53,0.0,0.0,1499.4978378378378,37.0,37.0,34.0,2,2099.019688,2366.7738687800006
375,6942.186825,0.6428571428571429,5866.705,14.0,0.5555555555555556,83.0,1,136.054186,2873.788845539998
424,0.0,0.0,46692.72,1.0,1.0,80.0,1,29897.971695000004,41086.995477089986
1286,5303.037252,0.9302325581395348,3985.245697674419,86.0,16.2,21.0,0,948.60169,17358.52754412
1713,2780.135427,0.3399503722084367,716.7850620347394,806.0,1.930909090909091,49.0,4,6119.377807,5121.104160140002
2146,0.0,0.0,1122.5670689655171,58.0,0.0,80.0,1,0.0,18346.57242374
853,0.0,0.0,16666.712222222224,9.0,9.0,75.0,1,548.36595,1666.37930214
1654,191.802066,0.3684210526315789,520.8728947368421,38.0,0.6521739130434783,38.0,2,71.93199,212.38638560000007
69,3434.689308,1.0,887.6931958762888,97.0,0.0,39.0,2,2654.14315,2452.6776733499996
215,79.086899,0.9285714285714286,840.6328571428572,14.0,0.0769230769230769,30.0,2,808.135252,710.3327638
1196,8493.192736,0.8899082568807339,3402.198532110092,109.0,1.2244897959183674,80.0,1,8244.241409,16010.875718659996
2023,0.0,0.0,1004.8726666666666,15.0,15.0,75.0,1,0.0,5471.0811101399995
1643,586.623362,0.3148148148148148,483.5138888888889,54.0,2.0,28.0,2,0.0,581.1685520999999
2073,0.0,0.0,1174.1429523809522,105.0,0.0,30.0,2,0.0,1390.9089109200002
742,0.0,0.0,4714.771428571429,7.0,7.0,70.0,3,6017.309216,633.96550099
754,2053.973644,1.0,11180.089411764706,17.0,0.0,64.0,3,0.0,1370.1400501600008
2326,3359.966896,0.4200680272108844,1417.4413265306123,588.0,0.6563380281690141,30.0,2,2945.701617,3553.78662257
374,6623.483154,0.8214285714285714,1993.9885714285715,28.0,0.217391304347826,80.0,1,6942.186825,4690.054025860001
1645,67.080809,0.1428571428571428,443.69,28.0,28.0,34.0,2,632.303024,993.9825546100002
1908,227.320653,0.2857142857142857,1395.532857142857,7.0,0.4,68.0,3,0.0,837.0353472900002
418,245.44496,1.0,6564.348,5.0,0.0,90.0,1,1050.894,3346.408678670002
1629,0.0,0.0,598.3033333333333,9.0,0.0,32.0,2,65.297516,1055.0221559299996
2172,0.0,0.0,4675.215454545454,33.0,0.2222222222222222,55.0,3,15074.26913,6956.570496340002
1041,8410.75479,0.5971943887775552,49855.811983967935,499.0,1.4825870646766168,60.0,3,0.0,13345.872517860002
555,378.027954,0.7586206896551724,352.76931034482755,29.0,0.45,46.0,4,4.42722,368.72689992000005
71,1867.252909,0.4897058823529411,1679.7829852941177,680.0,1.035928143712575,63.0,3,1969.39321,2842.1927646800013
410,0.0,0.0,9530.66,2.0,2.0,74.0,3,540.05911,4733.318595170002
1791,0.0,0.0,0.1,1.0,0.0,78.0,1,0.0,1065.70054265
1477,559.647247,0.425,1368.858375,80.0,1.3529411764705883,54.0,4,64.346683,2349.134044469999
1465,0.0,0.0,4443.99,2.0,2.0,71.0,3,0.0,667.2106053999996
2038,8664.933786,0.3127572016460905,1698.3335802469137,243.0,0.723404255319149,46.0,4,0.0,9498.964409879998
348,-5978.38652,0.6666666666666666,6.186666666666667,3.0,0.0,75.0,1,0.0,6462.736517660002
2049,0.0,0.0,66.875,26.0,26.0,21.0,0,0.0,1739.2226117099992
1189,1858.79857,0.7142857142857143,4668.662857142857,21.0,0.4,78.0,1,3894.10507,1461.0387118499993
691,429.683075,0.2857142857142857,6218.810714285714,14.0,2.5,79.0,1,0.0,4049.5331531400006
654,0.0,0.0,4349.66,15.0,15.0,45.0,4,4839.59228,9298.178123430003
2000,49955.768945,1.0,1921.375769230769,26.0,0.0,80.0,1,50346.757308,48072.01852237003
2050,0.0,0.0,1508.357,10.0,10.0,10.0,0,0.0,5171.115909800003
491,1040.616939,0.35,580.1653888888889,180.0,0.8556701030927835,75.0,1,227.072158,728.0764483699998
1608,950.815596,0.9130434782608696,644.1191304347826,23.0,10.5,47.0,4,0.0,1127.55168012
801,1005.30527,0.3,6350.956,10.0,0.0,34.0,2,0.0,1743.0923472900001
2331,1463.173211,0.48711943793911,1607.504824355972,427.0,1.16751269035533,47.0,4,1700.638677,2579.5987574499995
1321,3291.144446,0.9734513274336284,1400.3834513274337,113.0,36.66666666666666,65.0,3,471.712989,4203.800529349998
1432,0.0,0.0,1979.1661458333333,96.0,0.0,30.0,2,0.0,3378.411117429999
1145,262.95,0.2909090909090909,1671.996181818182,55.0,0.4102564102564102,73.0,3,0.0,1679.4248659800005
2040,0.0,0.0,1615.370303030303,165.0,0.0,48.0,4,73677.453556,15620.656677289993
87,8157.112326,0.9428571428571428,15603.565285714289,70.0,22.33333333333333,63.0,3,0.0,9265.623890170002
1267,1985.815595,0.9736842105263158,1605.050657894737,76.0,0.027027027027027,72.0,3,14.590934,3774.0666356399993
886,0.0,0.0,12254.174838709678,31.0,0.0,83.0,1,6790.274613,3005.3287881200017
177,198.780392,0.4576271186440678,717.646779661017,59.0,0.9032258064516128,46.0,4,287.27875,286.29344581000004
1207,3039.166,0.875,12880.10625,8.0,0.1428571428571428,81.0,1,3400.385378,7737.545443840005
75,5179.772745,1.0,1221.0467469879518,83.0,0.0,56.0,3,1243.853569,1003.1066026500001
740,3522.3946610000003,0.64,5052.1256,25.0,0.3888888888888889,73.0,3,0.0,913.7408065499999
113,980.557461,0.6751592356687898,119.62222929936306,157.0,2.925,78.0,1,1582.001112,2913.2670237199995
926,2971.896355,0.4098360655737705,17456.443770491805,61.0,1.3461538461538465,84.0,1,6749.13492,9220.571710510008
1282,2720.828056,0.6436170212765957,1504.8432978723404,188.0,0.4803149606299212,55.0,3,1437.17482,1863.7098804799994
563,19.482565,0.3846153846153846,392.2353846153846,13.0,2.25,51.0,4,336.64107,591.2114839299998
1631,0.0,0.0,443.555,2.0,0.0,31.0,2,41.40918,146.66371001000007
1677,63464.28729,0.8870636550308009,3015.550985626284,487.0,0.2583979328165374,75.0,1,21987.812579,16738.893428819996
954,109.68322,0.2258064516129032,9029.90806451613,31.0,2.4444444444444446,50.0,4,1925.839355,1308.5551269899995
1306,90.98474,0.8181818181818182,2925.4536363636366,11.0,4.5,44.0,2,3370.85855,1285.5328587000004
244,19.956089,0.8333333333333334,78.33833333333334,6.0,2.0,39.0,2,11.839106,183.06173206999995
1690,3932.676736,0.25,1345.2046122994652,748.0,2.169491525423729,80.0,1,3923.071266,8943.52923968
50,0.0,0.0,1462.824423076923,52.0,52.0,16.0,0,2480.902379,7487.318693240006
1926,0.0,0.0,2294.0981818181817,11.0,0.0,71.0,3,9330.743339,687.5171044600002
2239,-4968.452873,0.1727748691099476,791.7238219895288,191.0,1.2470588235294118,76.0,1,1343.189535,2648.6006008700015
373,1898.178342,1.0,6591.46,1.0,0.0,83.0,1,6623.483154,6120.322599620002
1602,299.669854,0.7666666666666667,410.9486666666666,30.0,6.5,46.0,4,181.456277,681.0965792499999
1246,2507.193252,0.9478260869565216,1492.9519130434785,115.0,6.666666666666667,81.0,1,13027.2866,3905.0524925300015
1250,657.693565,0.9803921568627452,1163.6007843137254,51.0,50.0,70.0,3,3429.95832,3989.58879329
684,0.0,0.0,63142.66666666666,3.0,0.0,60.0,3,47.876234,5785.4398844100015
1405,0.0,0.0,1274.653559322034,59.0,0.0,34.0,2,3036.68886,6546.61897701
439,27.63736,0.55,3976.063,20.0,0.1111111111111111,87.0,1,0.0,4289.031374040003
2113,1097.533742,0.15,10551.1865,20.0,0.1764705882352941,45.0,4,554.38798,2405.6916245600005
2268,3935.153067,0.48828125,1823.6225390625,512.0,0.7902097902097902,47.0,4,5930.986467,3173.5078568400013
541,535.938645,0.8888888888888888,586.3983333333333,18.0,0.2857142857142857,73.0,3,1295.825632,1046.4692769599997
1545,1441.27965,0.2417582417582417,1631.5342857142855,91.0,0.4918032786885246,80.0,1,48.000187,4907.43600433
1936,0.0,0.0,24.288292682926823,41.0,41.0,46.0,4,0.0,3764.7686893200002
2221,27888.195088,0.708092485549133,2272.286083815029,2076.0,0.3164235890932149,75.0,1,139628.47633,64935.450524299966
648,0.0,0.0,10522.962631578948,19.0,19.0,33.0,2,0.0,19180.855330479997
19,115445.395538,0.4246575342465753,13233.776894977167,219.0,0.7380952380952381,25.0,2,115287.0,32583.861645560013
1586,1125.196124,0.2252252252252252,498.1863963963964,111.0,0.2906976744186046,75.0,1,444.464792,1653.97500181
1284,1001.205386,0.784,2364.3752000000004,125.0,0.2626262626262626,50.0,4,3622.625641,1542.6070299699993
1975,0.0,0.0,534.9192307692308,13.0,1.6,54.0,4,0.0,678.7597482900003
880,7206.315268,0.3559322033898305,25128.245762711864,59.0,1.95,72.0,3,2342.996384,4746.312288490002
1502,25.35812,0.3076923076923077,279.70307692307694,13.0,0.4444444444444444,73.0,3,91.510419,1215.9707822999994
79,208.81746,0.75,39530.9875,4.0,3.0,84.0,1,16706.884912,25467.978859079987
2283,12814.770318,0.6237623762376238,1811.146831683168,202.0,0.8198198198198198,20.0,0,601.486585,21650.555883419987
1365,0.0,0.0,625.6752083333333,48.0,0.0,76.0,1,0.0,21310.24588708001
1966,0.0,0.0,130.32885057471265,87.0,87.0,40.0,2,0.0,3619.5525985900017
2210,15206.395076,0.9130434782608696,3401.48402173913,92.0,0.1948051948051948,79.0,1,2397.068675,7005.177558190003
1604,0.0,0.0,254.971,10.0,0.0,48.0,4,49.98382900000001,530.8569653399998
172,932.445816,0.6666666666666666,596.832037037037,54.0,0.5,44.0,2,0.0,524.24177276
2043,0.0,0.0,1452.1574910394263,279.0,0.1625,49.0,4,3056.449155,3766.5509816000017
1626,0.0,0.0,383.9627272727273,11.0,11.0,45.0,4,364.03788,2179.0217254799986
1587,444.464792,0.21875,815.5705208333334,96.0,0.4328358208955223,73.0,3,4321.583225,2370.36949135
2185,43861.966536,0.6598639455782312,9958.719795918369,147.0,3.741935483870968,34.0,2,5836.8743,25193.359032179997
449,11894.061848,1.0,5318.463636363636,11.0,11.0,28.0,2,9461.082288,24875.94621627999
543,475.702642,0.627906976744186,577.776511627907,43.0,0.2285714285714285,72.0,3,41.935052,800.8647873399998
991,0.0,0.0,13332.73688888889,45.0,45.0,23.0,0,21114.136772,18666.873159980005
1480,8995.13393,1.0,15859.55,8.0,0.0,55.0,3,0.0,3640.2402575499996
939,0.0,0.0,22498.25125,8.0,8.0,44.0,2,866.203569,618.19091789
497,587.630504,0.3513513513513513,573.9341216216217,148.0,1.1142857142857143,76.0,1,1178.021061,1093.7917403299998
1032,41498.141783,0.3860045146726862,39232.42645598194,886.0,1.621301775147929,29.0,2,0.0,65457.71441893004
1779,7013.428624,1.0,829.285,12.0,0.0,63.0,3,2806.434723,1714.7984251499988
235,10.499265,1.0,78.19,3.0,0.0,43.0,2,902.071484,242.33179600999995
139,87.752181,0.5365853658536586,101.1840243902439,82.0,0.9069767441860463,72.0,3,114.68421,1419.2475537599998
27,0.0,0.0,1426.87,34.0,34.0,72.0,3,3515.031065,13934.848071709996
390,17926.355742,0.5219512195121951,1908.064097560976,205.0,1.0918367346938775,32.0,2,238.314199,10376.84437547
1424,0.0,0.0,18749.8775,8.0,8.0,24.0,0,4058.888925,5393.938165179999
2030,46742.288748,0.3449612403100775,1333.0556976744183,258.0,0.9694656488549618,44.0,2,16102.444634,37353.502803769996
338,0.0,0.0,0.01,1.0,0.0,90.0,1,17511.326788,1248.13255561
196,494.669357,0.3620689655172414,536.928448275862,58.0,4.8,33.0,2,163.73415,653.7100642200002
294,88.50699399999999,0.5714285714285714,5610.000952380952,21.0,0.3125,68.0,3,639.3510530000001,1306.1639899499996
356,9485.86,0.3442622950819672,1811.634426229508,61.0,0.525,23.0,0,0.0,198384.69940248
1692,9080.193597,0.4340567612687813,2051.6765609348918,599.0,1.303846153846154,87.0,1,2755.818564,12739.646470420004
1288,-370.250064,0.6039603960396039,1018.7064356435644,101.0,0.4852941176470588,33.0,2,5843.04,5045.720818760001
622,350.896638,0.25,396.0429166666667,24.0,0.8461538461538461,63.0,3,0.0,421.9935139700002
936,0.0,0.0,16663.026666666665,9.0,9.0,54.0,4,440.753133,1772.0089160799992
132,115.512183,0.5,140.99176470588236,34.0,0.2592592592592592,73.0,3,255.808312,570.0571572900001
992,21114.136772,0.8571428571428571,38252.94535714285,28.0,0.1666666666666666,24.0,0,25875.837656,17822.05528618
237,27.177561,0.5,180.60857142857145,14.0,0.2727272727272727,31.0,2,48.794434,645.3974998899998
1748,474.245409,0.1354838709677419,1106.0305161290323,155.0,6.380952380952381,54.0,4,1189.49741,2696.1315617000014
2310,147.445788,0.7714285714285715,1226.783142857143,35.0,1.0588235294117647,34.0,2,1842.839943,1371.9023521799995
1088,0.0,0.0,1166.0616666666667,6.0,0.0,39.0,2,0.0,866.0766791300008
2169,0.0,0.0,625.8133333333334,3.0,0.0,46.0,4,0.0,976.1788455899998
181,59.664989,0.3636363636363636,503.33272727272725,11.0,1.2,54.0,4,115.824682,293.3241819400001
1487,0.0,0.0,6864.066666666667,3.0,3.0,25.0,2,202.27562,1098.2767150600002
533,307.105046,0.5,583.8729411764706,34.0,1.125,77.0,1,541.742729,484.52391861999996
624,147.607393,0.2222222222222222,288.9161111111111,18.0,0.5,65.0,3,361.183441,484.77593663000044
188,39.91436,0.375,550.5720833333334,24.0,0.7142857142857143,50.0,4,180.244855,281.8332343100001
2202,32724.19729,0.8857142857142857,24908.65857142857,35.0,0.0,45.0,4,0.0,16406.313685880003
1129,0.0,0.0,24880.0,1.0,0.0,75.0,1,0.0,2567.36248905
1735,1011.258943,0.3096446700507614,623.2444670050761,197.0,2.517857142857143,16.0,0,625.512206,747.1163368300003
1714,6119.377807,0.2566709021601016,1749.6032401524778,787.0,2.974747474747475,44.0,2,330.039883,9934.023610239996
303,11113.173067,0.651685393258427,2537.6704494382025,89.0,0.5344827586206896,20.0,0,279.152034,37617.19298879002
1901,965.552216,1.0,3245.635,8.0,0.0,79.0,1,2830.444513,2848.3635873799994
1001,721.976596,0.7222222222222222,8373.388333333334,18.0,0.3846153846153846,32.0,2,0.0,2600.7972605500004
1616,268.367925,0.5263157894736842,1126.7694736842104,19.0,2.8,16.0,0,468.351978,1322.49648563
2080,-72.202951,0.0,735.4342857142857,7.0,0.4,16.0,0,34795.678173,2271.8734129199993
1805,39.7705,1.0,7158.62,1.0,0.0,74.0,3,15.24474,2380.5163872499998
854,548.36595,0.75,22568.36875,8.0,0.3333333333333333,78.0,1,1479.677222,1327.9050359599999
662,314.6728,0.1304347826086956,15232.22,23.0,6.666666666666667,26.0,2,5362.529222,1557.0493044499997
182,115.824682,0.6428571428571429,466.69214285714287,28.0,1.5454545454545454,51.0,4,45.659497,452.54632575000005
2183,3677.4,1.0,22375.0,8.0,0.0,20.0,0,0.0,11376.212630050002
1076,207.983482,0.4545454545454545,1384.9813636363635,22.0,10.0,34.0,2,232.000726,2461.2184940700004
474,0.0,0.0,0.61,1.0,0.0,49.0,4,0.0,106966.54979012
1123,0.0,0.0,2951.88,30.0,0.0,76.0,1,0.0,5136.012065530003
1263,5049.257348,0.8208955223880597,2169.427164179104,134.0,0.8611111111111112,70.0,3,6216.099195999999,1803.7182871299997
904,4235.298688000001,0.4090909090909091,25644.989545454548,22.0,1.4444444444444444,65.0,3,2301.21954,1859.2727916799995
490,514.886454,0.2962962962962963,1009.2267592592592,108.0,1.297872340425532,72.0,3,1040.616939,1275.4082028100001
1251,3429.95832,0.9433962264150944,3870.1449056603774,53.0,0.4722222222222222,70.0,3,11206.706221,2669.27006642
630,7440.638159,0.4044943820224719,5090.390786516854,89.0,1.4722222222222223,75.0,1,53635.529649,4197.038508369998
414,393.07947,1.0,2557.49,4.0,0.0,76.0,1,0.0,2817.5373815400003
1771,0.0,0.0,2941.175882352941,34.0,34.0,76.0,1,0.0,11269.11313234
1130,0.0,0.0,4121.142857142857,28.0,0.0,74.0,3,0.0,2588.8022868300004
1106,-42923.271911,0.7692307692307693,8851.193692307692,65.0,0.3,33.0,2,0.0,20492.042665039986
2017,7393.785411,0.3861386138613861,1905.1814851485144,101.0,0.6290322580645161,77.0,1,3867.854339,2504.60728588
525,-271.259943,0.268041237113402,586.3769072164948,97.0,0.6724137931034483,50.0,4,71.39075800000003,2792.49801698
1287,948.60169,0.9166666666666666,3923.564166666667,12.0,11.0,26.0,2,370.250064,3137.600095670001
1260,2582.715893,0.953125,1981.91671875,128.0,3.413793103448276,71.0,3,1150.332823,5058.002011309998
1155,0.0,0.0,701.2211111111111,9.0,9.0,47.0,4,0.0,312.47408806999994
1753,-14176.51042,0.0,13492.987,10.0,4.0,34.0,2,0.0,8345.97001022
2019,0.0,0.0,1310.68,23.0,23.0,76.0,1,2997.363771,5049.6889331
1964,0.0,0.0,3168.014,5.0,5.0,20.0,0,6783.078347,3309.6369103799993
460,57478.456026,1.0,21188.46875,8.0,0.0,60.0,3,88084.992348,30968.24807201001
1099,0.0,0.0,2119.866666666667,15.0,2.0,28.0,2,0.0,5623.353764540001
207,0.0,0.0,262.4975,4.0,3.0,27.0,2,106.912886,492.1327969499999
178,287.27875,0.5,647.7471428571429,42.0,1.8,50.0,4,404.813032,516.5830351299999
1316,-111.77234,0.2115384615384615,1156.014423076923,52.0,25.0,37.0,2,2933.203058,6277.95909327
124,7465.899936,0.5046728971962616,215.3378504672897,107.0,0.3209876543209876,73.0,3,1174.025529,3720.907294990002
288,12769.669401,0.2838427947598253,1080.5076419213974,229.0,1.29,84.0,1,3776.64959,6077.34022089
2311,1842.839943,0.6440677966101694,991.0424576271186,118.0,0.8153846153846154,44.0,2,3368.876326,7209.573966360005
1444,0.0,0.0,340.65333333333336,6.0,6.0,80.0,1,33.26141600000001,2556.16325838
1371,0.0,0.0,470.5741176470588,17.0,0.0,49.0,4,0.0,312.63767168000015
1244,758.93225,0.4,5082.063,10.0,1.0,83.0,1,3146.294798,937.93749528
593,39.1247,0.3333333333333333,494.46,6.0,0.5,31.0,2,1184.046158,331.1181756600001
280,21980.47249,0.9191176470588236,2289.4099264705883,136.0,0.088,50.0,4,2.454844,4843.220290779999
2057,0.0,0.0,2392.7903278688523,61.0,61.0,20.0,0,2349.7162,25969.285135700007
607,-5651.552238,0.1458333333333333,569.6545833333333,48.0,0.7777777777777778,23.0,0,6745.027414,2581.308586129999
506,1063.854341,0.2941176470588235,441.9328431372549,102.0,1.04,73.0,3,4704.442079,2227.88003047
862,3158.176614,0.4285714285714285,26917.316857142858,35.0,1.1875,83.0,1,1573.210981,3997.6390837599984
1100,0.0,0.0,1365.6884444444445,90.0,4.625,27.0,2,0.0,3693.1996988099995
2292,-49.67229100000003,0.1739130434782608,1729.6968478260867,92.0,1.0909090909090908,27.0,2,1764.258791,4103.280892430001
467,0.0,0.0,0.67,1.0,0.0,31.0,2,0.0,14245.883129409995
2062,646.346496,0.2654867256637168,718.1312389380531,113.0,2.7666666666666666,32.0,2,824.5402799999999,1784.6094950900006
644,11271.895074,0.5302325581395348,5634.781581395349,215.0,0.8859649122807017,25.0,2,22137.551238,6414.662590899999
1884,210.315294,1.0,427.575,4.0,0.0,72.0,3,0.0,1352.7127682599998
1953,0.0,0.0,170.22400000000002,35.0,16.5,69.0,3,916.73826,2803.1324686299986
1394,0.0,0.0,12499.980833333331,12.0,12.0,34.0,2,0.0,5670.534525080001
291,2167.17715,0.6226415094339622,5537.374905660377,53.0,0.6060606060606061,75.0,1,159.201612,1036.6222313
1290,556.480533,0.9444444444444444,1573.7972222222222,18.0,17.0,28.0,2,23670.188163,3105.35924873
2315,1828.77716,0.2894736842105263,2081.839298245614,114.0,2.4545454545454546,34.0,2,9593.258137,11361.237871829997
167,-1416.906536,0.0549450549450549,1328.6620879120878,91.0,7.272727272727272,60.0,3,439.634046,4057.441681409999
1910,0.0,0.0,782.6861538461538,13.0,1.1666666666666667,56.0,3,0.0,452.06140990000006
1767,693.220788,1.0,186.3422222222222,9.0,0.0,83.0,1,2.83504,14208.006013010003
732,1147.595856,0.44,8679.6232,25.0,0.5625,55.0,3,2101.741695,1010.28705275
434,0.0,0.0,10728.526666666668,6.0,5.0,39.0,2,3593.989207,1258.5387903299998
2010,0.0,0.0,557.795,18.0,18.0,74.0,3,1659.799564,6803.221502550004
706,0.0,0.0,2173.397391304348,23.0,0.0,78.0,1,0.0,3474.117977680002
2258,-189.463436,0.0769230769230769,2671.7584615384617,13.0,0.0,44.0,2,204.721909,1317.8009836499998
1946,61.428942,1.0,49.875,10.0,0.0,29.0,2,0.0,681.6770001499999
2089,-57956.282958,0.1909871244635193,15135.68212446352,466.0,0.5533333333333333,24.0,0,4544.583988,17982.23846559998
832,219.480876,0.2727272727272727,7293.560909090909,11.0,2.6666666666666665,73.0,3,36.11496,1079.7775871700003
1831,162.732282,0.4444444444444444,7868.710555555556,18.0,1.25,74.0,3,537.211402,7018.862369070001
1569,1303.127763,0.3282051282051282,410.6838717948718,390.0,1.4528301886792452,70.0,3,123.721299,987.4587960399997
234,67.00618399999999,0.4285714285714285,335.15785714285715,14.0,1.0,25.0,2,10.499265,827.8658747900004
858,2348.106228,0.3414634146341463,21522.69975609756,41.0,1.9285714285714288,88.0,1,2003.536586,38743.85167948
629,0.0,0.0,24979.8,1.0,1.0,83.0,1,7440.638159,3185.4000202800003
641,-2427.873799,0.0,2596.646976744186,43.0,0.1944444444444444,76.0,1,0.0,4303.21073169
868,445.338356,0.1515151515151515,15770.984848484848,33.0,5.6,80.0,1,5059.459732,4258.990409069997
800,192.602844,0.125,5302.23375,8.0,1.6666666666666667,30.0,2,1005.30527,1210.6673927600002
1737,60.171373,0.0852272727272727,234.5242613636364,176.0,10.0,33.0,2,0.0,1584.76995957
330,0.0,0.0,0.65,1.0,0.0,37.0,2,0.0,5743.717620619998
2119,5672.328492,0.1685905224787363,3167.5804404617256,3292.0,4.3354943273906,25.0,2,23589.520054,81277.9213851
381,0.0,0.0,800.29,3.0,0.0,63.0,3,1584.55781,85.09683189999996
1457,0.0,0.0,1914.0,2.0,2.0,79.0,1,0.0,1417.5198765900009
1638,1617.77036,0.6756756756756757,1225.1743243243243,37.0,2.083333333333333,44.0,2,7.57416,5250.226776559999
2147,0.0,0.0,663.0799999999999,4.0,0.0,83.0,1,0.0,4294.249756779998
302,25.30602,0.9,156.53799999999998,10.0,0.1111111111111111,21.0,0,11113.173067,6044.3543993
1058,0.0,0.0,1666.64,3.0,3.0,76.0,1,0.0,2158.3391700399993
243,7.707293999999999,1.0,87.145,2.0,0.0,37.0,2,19.956089,259.36480475
103,5590.528248,0.461038961038961,315.52253246753247,154.0,0.6382978723404256,84.0,1,4458.25495,5121.537634179997
1774,2512.437585,1.0,1374.4125,4.0,0.0,83.0,1,2069.35811,14419.837174420005
286,1535.55008,0.1341463414634146,8402.275975609757,82.0,1.7333333333333334,76.0,1,59.672564,2727.08476061
360,-3533.6725370000004,0.935483870967742,1459.0874193548386,124.0,0.0689655172413793,39.0,2,0.0,4618.668357069999
633,2227.18659,0.6578947368421053,6536.572105263158,38.0,0.52,65.0,3,0.0,932.3431714199999
950,3512.211908,0.396551724137931,16248.182068965516,58.0,3.4615384615384617,44.0,2,1829.292797,3002.174884859999
613,490.326312,0.3846153846153846,601.84,26.0,2.25,45.0,4,263.769257,1075.9957503399996
720,0.0,0.0,11496.523333333333,6.0,6.0,72.0,3,4281.488139,2608.8355684800017
2011,1659.799564,0.6842105263157895,1695.0778947368422,19.0,0.4615384615384615,73.0,3,956.554505,2134.9826032100004
1059,0.0,0.0,141.0,3.0,3.0,75.0,1,0.0,636.06318643
473,36165.56933,1.0,7202.092173913044,23.0,0.0,54.0,4,0.0,15456.20543602
1096,0.0,0.0,11569.857730496453,141.0,0.0,73.0,3,122050.866984,23469.01717386999
128,1530.919365,0.4545454545454545,284.1157575757576,66.0,0.2222222222222222,73.0,3,101.860928,2217.1956507700006
2039,0.0,0.0,1735.2890476190476,168.0,0.0,50.0,4,0.0,15902.575879449989
189,180.244855,0.4426229508196721,282.4104918032787,61.0,14.25,49.0,4,168.27053,5756.112516690001
1013,0.0,0.0,3155.894726027397,292.0,292.0,51.0,4,0.0,11100.109724500006
1606,0.0,0.0,555.02,1.0,0.0,54.0,4,0.0,317.23559767000006
1641,92.902727,0.4285714285714285,510.28,7.0,0.75,34.0,2,0.0,178.28151150000005
718,759.2148159999999,0.5740740740740741,3567.7494444444446,54.0,1.8421052631578947,71.0,3,279.185907,19538.70257896
820,0.0,0.0,30002.25,4.0,4.0,37.0,2,5767.161892,410.9620705500003
2134,0.0,0.0,3000.0830508474573,354.0,354.0,32.0,2,0.0,12512.535293260007
661,9261.449882,0.6071428571428571,4924.3603571428575,140.0,0.6470588235294118,47.0,4,314.6728,11651.248931369999
67,371.503,0.7226277372262774,552.0850851581508,411.0,0.4221453287197231,32.0,2,1892.58947,1319.2082861799997
1239,1567.402684,0.3478260869565217,7024.881304347826,23.0,1.0909090909090908,74.0,3,323.34897900000016,1229.90225207
359,1076.778732,1.0,2341.0022222222224,9.0,9.0,45.0,4,3533.6725370000004,3080.96121974
2061,22911.093812,1.0,1309.496439628483,323.0,0.0,27.0,2,646.346496,14517.412837430002
1968,0.0,0.0,323.4293548387097,31.0,2.875,25.0,2,212.08102,2475.1961626
2176,3859.44,0.6071428571428571,2181.2564285714284,28.0,1.5454545454545454,25.0,2,871.1949999999999,2122.41970099
1644,0.0,0.0,624.745,4.0,0.0,30.0,2,67.080809,1283.5600772300002
1103,0.0,0.0,12530.40125,8.0,0.0,39.0,2,0.0,1231.0559431399995
1439,-1335.115406,0.0512820512820512,1526.0666666666666,39.0,0.625,60.0,3,3925.864943,2942.39411999
51,2480.902379,0.4545454545454545,1999.099181818182,110.0,1.2,33.0,2,3169.355468,1364.0611958399998
1699,0.0,0.0,2994.6,1.0,1.0,73.0,3,0.0,284.77997362999986
777,129.66130099999998,0.4444444444444444,11097.74111111111,9.0,9.0,74.0,3,0.0,1389.4698406300006
1839,508.922143,0.3,11391.1944,50.0,1.631578947368421,65.0,3,354.998648,956.7835042299995
875,337.835516,0.5925925925925926,22229.845925925925,27.0,0.2272727272727272,81.0,1,754.7378,6329.394215550003
223,3.5652170000000005,0.1346153846153846,375.1351923076923,52.0,3.333333333333333,34.0,2,768.351892,434.1700725400001
1133,0.0,0.0,9450.001666666669,6.0,0.0,74.0,3,0.0,38205.32929818997
822,130.487079,0.2272727272727272,13642.298181818182,22.0,0.375,50.0,4,0.0,1608.01869954
2133,720.749699,0.41,2584.3467833333334,600.0,1.4390243902439024,26.0,2,0.0,2432.8342231799998
25,11715.94323,0.8363636363636363,2469.9509090909087,55.0,0.1702127659574468,84.0,1,0.0,5056.053207680002
872,1174.315571,0.5,28232.108333333334,12.0,3.0,77.0,1,610.52512,2001.31955014
1055,0.0,0.0,833.3333333333334,12.0,12.0,62.0,3,0.0,843.4620996300001
1425,-4058.888925,0.3333333333333333,8168.482037037037,54.0,0.1020408163265306,18.0,0,4596.960442,9955.99672916
216,808.135252,0.6888888888888889,1334.7422222222222,45.0,0.3235294117647059,45.0,4,417.388857,2058.2637469399997
1361,0.0,0.0,681.8109090909091,22.0,0.0,71.0,3,0.0,603.4854949900003
538,420.491149,0.4615384615384615,501.16,26.0,2.7142857142857144,75.0,1,553.5255989999999,1645.8050188700001
1689,10281.503571,0.4333821376281113,1674.4618155197657,683.0,1.2996632996632995,83.0,1,3932.676736,13274.420650549999
1681,0.0,0.0,1771.9198684210526,152.0,152.0,44.0,2,0.0,4454.189138319997
1913,-74.818442,0.0,1707.1166666666668,3.0,0.0,70.0,3,1272.088356,480.7925784800003
2238,512.9694489999999,0.8275862068965517,983.9131034482758,29.0,0.1153846153846153,77.0,1,4968.452873,1568.3393798199997
2158,0.0,0.0,1128.8333333333333,3.0,0.0,70.0,3,0.0,949.2293236000011
1535,10.882801,0.5,312.76375,24.0,0.4117647058823529,29.0,2,137.433093,899.22604827
1463,0.0,0.0,3223.106,25.0,25.0,75.0,1,38294.693499,4431.039551690002
1701,0.0,0.0,1244.2596226415094,53.0,53.0,77.0,1,0.0,16114.879556099986
2064,0.0,0.0,1314.4001754385963,57.0,0.0,45.0,4,2597.947325,8918.412206260002
1693,2755.818564,0.4904458598726114,1756.5612101910826,314.0,1.0389610389610389,81.0,1,5687.811638,5204.090250619998
1182,3639.303169,0.8977272727272727,2478.848863636364,88.0,0.4426229508196721,74.0,3,1024.70728,2779.3009648900006
